name,position,program,OVR,HT,WT,SPD,ACC,AGI,AWR,CAR,STR,CTH,CIT,SPC,ELU,SPM,JKM,SFA,TRK,IMP,JMP,STA,KR,TGH,BKS,FNM,TAK,MCV,ZCV,POW,PRC,PRS,PUR,PWM,trait_clutch,trait_high_motor,trait_penalty,trait_big_hitter,trait_lb_style,trait_plays_ball_in_the_air,trait_strips_ball,trait_utilizes_bull_rush_moves,trait_utilizes_spin_moves,trait_utilizes_swim_moves,BCV,BSK,BTK,DRR,MRR,SRR,LBK,RBF,RBK,RBP,RLS,PBF,PBK,PBP,image,jersey_number,last_name,player_id,quicksell_amount,release_date,salary_cap_cost,team,has_power_up,archetype_id,date_scraped,archetype,enforcer
Stephon Gilmore,CB,NFL Playoffs,95,73,202,90,93,93,94,52,61,73,55,67,67,35,65,20,12,52,90,95,66,72,50,40,59,97,90,66,94,95,72,56,True,True,1.0,False,1.0,3.0,False,False,False,False,56,10,57,10,10,10,10,25,25,25,10,25,25,25,https://cdn.muthead.com/media/20/assets/nflp-00053010.png,24,Gilmore,53010,25200,2020-01-04T15:36:45.628014Z,54,NE,True,1,10-01-2020,Man-to-Man (CB),False
Kareem Jackson,CB,Flashbacks,91,70,185,87,88,84,94,40,59,74,36,61,27,60,70,10,10,48,88,90,40,67,62,35,67,84,86,77,94,85,83,46,False,True,,False,1.0,3.0,True,False,False,False,60,10,24,10,10,15,10,25,20,25,10,25,20,25,https://cdn.muthead.com/media/20/assets/flsh-00050942.png,25,Jackson,50942,6840,2019-12-09T15:36:42.576554Z,39,HOU,True,24,10-01-2020,Slot (CB),False
Troy Polamalu,SS,Madden Ultimate Team 10,93,70,207,90,92,90,93,69,73,76,60,78,74,63,82,53,64,68,92,93,60,95,66,63,88,79,91,83,93,71,92,52,True,True,1.0,True,1.0,3.0,True,False,True,False,79,31,77,18,25,31,26,35,35,35,24,35,35,35,https://cdn.muthead.com/media/20/assets/lgnd-00052220.png,43,Polamalu,52220,250000,2019-10-25T20:08:48.150654Z,52,PIT,True,2,10-01-2020,Hybrid (FS/SS),False
Eddie Jackson,FS,Series Redux,90,72,201,83,85,81,93,64,58,74,69,67,62,55,66,37,38,48,79,84,78,64,52,35,72,81,93,79,93,76,86,26,True,True,1.0,False,1.0,3.0,False,False,False,False,70,10,47,27,32,42,10,25,28,25,39,25,25,25,https://cdn.muthead.com/media/20/assets/sigs-00051002.png,39,Jackson,99951002,4940,2019-09-20T14:36:44.442927Z,41,CHI,True,17,10-01-2020,Zone (FS/SS),False
Pierre Desir,CB,Team of the Week,89,73,198,88,93,89,88,54,60,75,66,74,56,55,56,25,23,47,90,87,54,69,50,40,67,77,83,50,88,80,72,30,False,True,1.0,False,1.0,3.0,True,False,False,False,64,10,46,10,10,15,10,25,25,25,20,25,25,25,https://cdn.muthead.com/media/20/assets/totw-00056244.png,35,Desir,56244,3570,2020-01-07T19:21:34.855594Z,35,IND,False,37,10-01-2020,Zone (CB),False
Patrick Peterson,CB,Team of the Week,91,73,203,89,89,92,87,57,68,75,64,83,77,77,80,55,45,50,92,94,83,82,38,56,55,90,87,66,87,90,63,46,True,True,1.0,False,1.0,3.0,False,False,False,False,82,37,75,13,20,30,10,25,25,25,44,25,25,25,https://cdn.muthead.com/media/20/assets/totw-00056107.png,21,Peterson,56107,6840,2019-10-22T18:15:19.649422Z,41,ARI,True,1,10-01-2020,Man-to-Man (CB),False
Willie Brown,CB,Legends,88,73,195,83,81,81,88,62,61,72,63,61,77,45,75,30,22,48,81,83,60,72,52,42,65,90,88,71,88,87,74,42,True,True,1.0,False,1.0,3.0,True,False,False,False,66,20,77,15,15,15,45,45,45,45,15,45,45,45,https://cdn.muthead.com/media/20/assets/lgnd-00052085.png,24,Brown,52085,2570,2019-08-17T14:36:27.857591Z,35,OAK,True,24,10-01-2020,Slot (CB),False
Mel Blount,CB,Legends,89,75,205,85,86,86,87,80,68,71,61,61,45,74,75,42,50,50,88,87,54,66,53,40,66,86,85,77,87,88,74,45,True,True,2.0,True,1.0,3.0,True,False,False,False,70,26,45,24,33,40,25,25,45,25,65,25,45,25,https://cdn.muthead.com/media/20/assets/lgnd-00052037.png,47,Blount,52037,3570,2019-07-26T21:56:27.078940Z,36,PIT,True,24,10-01-2020,Slot (CB),False
Jabrill Peppers,SS,Most Feared,88,71,213,86,89,85,90,57,69,71,59,62,74,73,81,42,32,60,82,91,82,86,57,40,81,79,78,87,90,68,79,33,False,True,1.0,True,2.0,2.0,False,False,False,False,73,25,67,26,31,41,10,25,25,25,38,25,25,25,https://cdn.muthead.com/media/20/assets/fear-00051612.png,21,Peppers,51612,2570,2019-10-18T14:36:43.848544Z,36,NYG,True,21,10-01-2020,Run Support (FS/SS),False
Bryce Callahan,CB,Series Redux,90,69,188,91,90,85,90,51,65,67,46,68,62,63,68,23,17,43,94,85,63,81,60,30,59,86,84,45,90,74,80,31,False,False,1.0,False,1.0,2.0,False,False,False,False,55,10,52,10,10,20,10,25,25,25,30,25,25,25,https://cdn.muthead.com/media/20/assets/bltz-00051814.png,29,Callahan,99951814,4940,2019-12-13T16:37:36.616770Z,41,DEN,False,24,10-01-2020,Slot (CB),False
Ty Law,CB,Legends,92,71,200,89,89,89,90,66,65,76,60,72,72,70,82,35,35,50,87,91,39,90,48,34,68,89,89,61,90,90,77,38,True,True,1.0,False,1.0,3.0,False,False,False,False,73,22,58,15,15,15,45,45,45,45,15,45,45,45,https://cdn.muthead.com/media/20/assets/lgnd-00052214.png,24,Law,52214,9470,2019-10-26T16:45:42.261957Z,41,NE,True,24,10-01-2020,Slot (CB),False
Landon Collins,SS,Flashbacks,89,72,218,85,87,80,90,56,72,68,50,56,64,42,70,47,55,68,82,86,30,88,63,57,82,72,79,95,90,78,88,42,False,True,2.0,True,2.0,2.0,False,False,False,False,66,19,49,10,10,10,15,25,25,25,10,25,25,25,https://cdn.muthead.com/media/20/assets/flsh-00050922.png,21,Collins,50922,3570,2019-09-30T14:36:34.722738Z,41,NYG,False,21,10-01-2020,Run Support (FS/SS),True
Stephon Gilmore,CB,MUT20 Launch Promo,90,73,202,85,88,88,89,52,56,68,50,62,67,35,65,20,12,48,84,90,62,72,46,36,55,92,83,62,89,88,68,52,True,True,1.0,False,1.0,3.0,False,False,False,False,56,10,57,10,10,10,10,25,25,25,10,25,25,25,https://cdn.muthead.com/media/20/assets/buil-00050306.png,24,Gilmore,50306,4940,2019-08-02T03:46:58.200275Z,119,NE,True,1,10-01-2020,Man-to-Man (CB),False
Xavier Rhodes,CB,Gauntlet II,92,73,218,90,89,86,90,55,71,71,58,72,55,50,62,35,40,58,95,91,36,84,60,62,59,90,87,71,90,95,83,53,False,True,,False,1.0,3.0,False,False,False,False,60,10,45,10,10,15,10,25,25,25,35,25,25,25,https://cdn.muthead.com/media/20/assets/gaun-00051210.png,29,Rhodes,51210,0,2019-12-13T15:36:46.973852Z,45,MIN,True,1,10-01-2020,Man-to-Man (CB),False
Micah Hyde,FS,Harvest,91,72,197,85,86,87,94,64,56,69,44,60,64,64,74,35,23,53,80,87,80,69,51,45,75,82,92,44,94,83,83,32,False,True,1.0,False,1.0,3.0,False,False,False,False,72,10,49,10,13,23,10,25,25,25,15,25,25,25,https://cdn.muthead.com/media/20/assets/harv-00051752.png,23,Hyde,51752,6840,2019-11-21T15:36:45.368277Z,36,BUF,True,17,10-01-2020,Zone (FS/SS),False
Aqib Talib,CB,Flashbacks,90,73,205,84,88,88,89,64,67,77,58,76,67,70,78,20,30,54,93,91,64,85,58,52,58,90,84,64,89,89,74,42,True,True,1.0,False,1.0,3.0,True,False,False,False,77,10,57,28,35,45,10,25,25,25,45,25,25,25,https://cdn.muthead.com/media/20/assets/flsh-00050928.png,25,Talib,50928,4940,2019-10-21T14:36:40.465617Z,36,TB,True,1,10-01-2020,Man-to-Man (CB),False
Jaire Alexander,CB,Ghosts of Madden - Present,94,70,196,93,93,94,91,56,60,72,59,66,68,70,79,20,19,57,85,95,86,64,54,36,61,93,88,61,91,94,79,24,False,False,1.0,False,2.0,3.0,False,False,False,False,65,12,58,10,10,10,10,25,25,25,10,25,25,25,https://cdn.muthead.com/media/20/assets/zero-00052620.png,23,Alexander,52620,18200,2020-01-01T15:36:46.456577Z,54,GB,False,1,10-01-2020,Man-to-Man (CB),False
Kevin Byard,FS,Harvest,88,71,212,85,83,85,86,68,69,73,41,62,60,50,62,38,40,54,84,86,48,86,62,47,72,74,89,75,86,61,83,41,False,True,1.0,False,1.0,3.0,False,False,False,False,54,10,45,10,10,12,10,23,10,24,12,23,10,24,https://cdn.muthead.com/media/20/assets/harv-00051722.png,31,Byard,51722,2570,2019-11-21T15:36:45.371275Z,34,TEN,True,17,10-01-2020,Zone (FS/SS),False
Charles Tillman,CB,Legends,88,74,210,85,83,83,86,64,64,69,59,66,39,69,76,43,44,46,85,88,51,93,57,49,69,84,84,68,86,80,79,39,False,True,1.0,False,1.0,2.0,True,False,False,False,88,24,44,15,20,25,18,45,45,45,20,45,45,45,https://cdn.muthead.com/media/20/assets/lgnd-00052293.png,33,Tillman,52293,2570,2019-12-28T15:36:43.421447Z,33,CHI,True,24,10-01-2020,Slot (CB),False
Justin Reid,FS,Ultimate Kickoff,93,73,202,91,90,90,91,53,65,70,64,62,33,51,61,37,21,66,86,90,55,85,62,46,82,83,90,81,91,74,89,39,False,True,1.0,False,1.0,3.0,True,False,False,False,47,10,14,10,10,10,10,25,25,25,12,25,25,25,https://cdn.muthead.com/media/20/assets/ultk-00051134.png,20,Reid,51134,13100,2019-09-12T14:36:31.380417Z,48,HOU,True,17,10-01-2020,Zone (FS/SS),False
Damarious Randall,FS,Signature Series,92,71,196,88,89,89,90,54,67,70,47,61,69,67,74,40,39,51,86,90,62,74,60,52,76,83,92,65,90,81,90,38,False,True,1.0,False,2.0,3.0,False,False,False,False,71,10,59,10,10,10,10,25,25,25,15,25,25,25,https://cdn.muthead.com/media/20/assets/sigs-00051022.png,23,Randall,51022,250000,2019-10-24T14:36:42.167702Z,41,CLE,True,17,10-01-2020,Zone (FS/SS),False
Donte Jackson,CB,Blitz,92,70,180,94,90,94,88,53,48,70,62,64,46,65,69,17,10,44,90,91,80,67,44,32,53,91,85,61,88,85,71,21,False,False,,False,1.0,3.0,True,False,False,False,59,10,35,10,10,10,10,25,25,25,10,25,25,25,https://cdn.muthead.com/media/20/assets/bltz-00051805.png,26,Jackson,51805,250000,2019-11-29T15:36:39.329288Z,49,CAR,False,1,10-01-2020,Man-to-Man (CB),False
Willie Brown,CB,Legends,90,73,195,87,85,85,88,62,66,74,65,63,77,45,75,30,22,50,85,88,62,72,53,44,66,90,89,73,88,88,75,44,True,True,1.0,False,1.0,3.0,True,False,False,False,66,20,77,15,15,15,45,45,45,45,15,45,45,45,https://cdn.muthead.com/media/20/assets/lgnd-00052084.png,24,Brown,52084,4940,2019-08-17T14:36:28.071755Z,39,OAK,True,24,10-01-2020,Slot (CB),False
Justin Simmons,FS,Series Redux,93,74,202,88,91,96,94,52,66,74,48,65,52,50,58,34,43,55,93,95,50,79,74,36,84,82,81,86,94,68,94,32,False,True,1.0,False,2.0,2.0,False,False,False,False,48,10,37,10,10,12,10,23,10,24,12,23,10,24,https://cdn.muthead.com/media/20/assets/sigs-00051032.png,31,Simmons,99951032,13100,2019-12-13T16:37:36.620418Z,45,DEN,True,21,10-01-2020,Run Support (FS/SS),False
Fabian Moreau,CB,Team of the Week,93,72,198,93,92,88,89,49,70,76,68,71,53,58,62,27,19,52,90,93,44,77,51,41,72,88,91,76,89,94,70,34,False,True,,False,1.0,2.0,False,False,False,False,58,10,43,10,10,18,10,25,25,25,12,25,25,25,https://cdn.muthead.com/media/20/assets/totw-00056180.png,31,Moreau,56180,250000,2019-11-26T19:06:01.059407Z,54,WAS,False,37,10-01-2020,Zone (CB),False
Devin McCourty,FS,Master ,94,70,195,89,89,89,96,40,61,80,44,60,64,65,67,15,18,65,91,96,74,77,63,43,77,90,94,68,96,86,87,33,True,True,2.0,False,1.0,3.0,True,False,False,False,55,10,52,10,10,10,12,25,25,25,10,25,25,25,https://cdn.muthead.com/media/20/assets/serm-00050503.png,32,McCourty,50503,18200,2019-11-01T14:36:46.255321Z,50,NE,True,17,10-01-2020,Zone (FS/SS),False
Darnell Savage Jr,FS,NFL Playoffs,91,71,198,93,91,88,86,60,59,70,62,68,61,61,67,30,28,63,92,87,68,81,63,57,82,84,85,93,86,72,91,38,False,True,1.0,False,1.0,3.0,False,False,False,False,63,10,44,10,12,24,10,25,25,25,12,25,25,25,https://cdn.muthead.com/media/20/assets/nflp-00053061.png,26,Savage Jr,53061,6840,2020-01-04T15:36:45.616932Z,53,GB,False,2,10-01-2020,Hybrid (FS/SS),True
Ty Law,CB,Legends,88,71,200,84,84,84,88,66,61,72,56,68,72,70,82,35,35,46,82,87,35,90,46,30,65,86,85,57,88,86,74,34,True,True,1.0,False,1.0,3.0,False,False,False,False,73,22,58,15,15,15,45,45,45,45,15,45,45,45,https://cdn.muthead.com/media/20/assets/lgnd-00052216.png,24,Law,52216,2570,2019-10-26T16:45:42.261516Z,33,NE,True,24,10-01-2020,Slot (CB),False
Night Train Lane,CB,Harvest,94,73,194,91,91,92,89,65,76,78,70,74,93,88,90,55,55,66,93,95,60,92,64,61,74,88,93,91,89,90,80,55,True,True,1.0,True,1.0,3.0,True,False,False,False,90,40,93,45,45,45,45,45,45,45,60,45,45,45,https://cdn.muthead.com/media/20/assets/harv-00051702.png,81,Lane,51702,18200,2019-11-21T15:36:45.373843Z,57,DET,True,24,10-01-2020,Slot (CB),False
Damarious Randall,FS,Series Redux,92,71,196,88,89,89,90,54,67,70,47,61,69,67,74,40,39,51,86,90,62,74,60,52,76,83,92,65,90,81,90,38,False,True,1.0,False,2.0,3.0,False,False,False,False,71,10,59,10,10,10,10,25,25,25,15,25,25,25,https://cdn.muthead.com/media/20/assets/sigs-00051022.png,23,Randall,99951022,9470,2019-12-13T16:37:36.622672Z,41,CLE,True,17,10-01-2020,Zone (FS/SS),False
Desmond Trufant,CB,Series Redux,90,72,190,87,88,91,86,44,57,67,49,59,63,59,67,15,10,54,87,88,46,65,51,35,70,89,88,38,86,89,76,25,True,True,1.0,False,1.0,3.0,False,False,False,False,64,10,53,10,10,20,10,25,25,25,10,25,25,25,https://cdn.muthead.com/media/20/assets/sigs-00051004.png,21,Trufant,99851004,2470,2019-11-01T15:51:33.074443Z,38,ATL,True,1,10-01-2020,Man-to-Man (CB),False
D.J. Swearinger Sr,SS,Veterans,88,70,205,84,88,88,89,54,65,67,53,67,30,55,63,29,35,66,86,91,30,88,56,50,73,77,85,93,89,79,84,59,False,True,1.0,True,2.0,2.0,True,False,False,False,42,10,15,10,10,10,14,25,25,25,10,25,25,25,https://cdn.muthead.com/media/20/assets/vets-00050734.png,36,Swearinger Sr,50734,2570,2019-11-15T16:13:02.745197Z,41,ARI,False,21,10-01-2020,Run Support (FS/SS),True
Denzel Ward,CB,Most Feared,92,71,190,92,92,92,86,56,58,66,47,62,64,56,70,18,10,47,89,93,65,86,46,28,52,92,84,66,86,90,69,21,False,True,1.0,False,1.0,3.0,True,False,False,False,56,10,50,10,16,20,10,25,25,25,16,25,25,25,https://cdn.muthead.com/media/20/assets/fear-00051634.png,21,Ward,51634,9470,2019-10-25T14:36:45.596905Z,46,CLE,True,1,10-01-2020,Man-to-Man (CB),False
Ken Houston,SS,Legends,89,75,197,88,86,86,85,70,68,71,61,69,62,62,80,57,44,61,87,88,65,94,58,37,80,78,86,86,85,66,85,39,False,True,1.0,True,1.0,2.0,True,False,False,False,74,20,62,20,20,20,61,45,45,45,15,45,45,45,https://cdn.muthead.com/media/20/assets/lgnd-00052043.png,27,Houston,52043,3570,2019-07-26T21:56:26.870454Z,42,WAS,True,17,10-01-2020,Zone (FS/SS),False
Malcolm Jenkins,SS,Flashbacks,88,72,204,80,85,84,91,48,61,70,48,59,40,65,72,16,30,52,85,91,17,92,57,47,71,75,89,75,91,74,79,48,True,True,2.0,False,2.0,3.0,True,False,False,False,65,10,25,25,30,40,10,25,25,25,20,25,25,25,https://cdn.muthead.com/media/20/assets/flsh-00050914.png,27,Jenkins,50914,2570,2019-09-02T14:36:31.211513Z,30,NO,True,17,10-01-2020,Zone (FS/SS),False
Desmond Trufant,CB,Signature Series,90,72,190,87,88,91,86,44,57,67,49,59,63,59,67,15,10,54,87,88,46,65,51,35,70,89,88,38,86,89,76,25,True,True,1.0,False,1.0,3.0,False,False,False,False,64,10,53,10,10,20,10,25,25,25,10,25,25,25,https://cdn.muthead.com/media/20/assets/sigs-00051004.png,21,Trufant,51004,250000,2019-08-22T14:36:31.167353Z,38,ATL,True,1,10-01-2020,Man-to-Man (CB),False
Champ Bailey,CB,Legends,89,72,192,85,87,86,86,64,51,74,52,71,75,90,95,45,48,42,81,87,80,84,42,50,68,91,83,52,86,83,68,30,True,True,1.0,False,1.0,3.0,False,False,False,False,90,25,75,60,0,60,25,25,45,25,52,25,45,25,https://cdn.muthead.com/media/20/assets/lgnd-00052163.png,24,Bailey,52163,3570,2019-09-28T14:36:34.279119Z,35,DEN,True,1,10-01-2020,Man-to-Man (CB),False
Tre'Davious White,CB,Series Redux,91,71,192,88,90,88,91,55,72,69,51,70,72,64,72,33,18,56,77,92,86,81,52,34,70,88,87,64,91,92,76,26,False,True,,False,1.0,3.0,False,False,False,False,71,30,63,10,15,25,10,25,15,25,22,25,15,25,https://cdn.muthead.com/media/20/assets/sigs-00051014.png,27,White,99951014,6840,2019-11-01T15:51:33.072669Z,39,BUF,True,1,10-01-2020,Man-to-Man (CB),False
Chris Harris Jr,CB,MUT Heroes,91,70,199,87,86,93,91,50,55,74,43,61,60,50,54,23,10,51,87,92,62,86,69,29,59,91,85,54,91,83,82,26,True,True,1.0,False,1.0,3.0,True,False,False,False,45,10,50,10,13,23,10,25,25,25,20,25,25,25,https://cdn.muthead.com/media/20/assets/hero-00051315.png,25,Harris Jr,51315,6840,2019-10-04T14:36:38.365217Z,39,DEN,True,24,10-01-2020,Slot (CB),False
Malcolm Jenkins,SS,NFL Playoffs,93,72,204,85,89,88,96,48,65,74,52,63,40,65,72,16,30,56,89,95,20,92,62,52,77,80,94,80,96,79,84,53,True,True,2.0,False,2.0,3.0,True,False,False,False,65,10,25,25,30,40,10,25,25,25,20,25,25,25,https://cdn.muthead.com/media/20/assets/nflp-00053081.png,27,Jenkins,53081,13100,2020-01-04T15:36:45.612572Z,47,PHI,True,17,10-01-2020,Zone (FS/SS),False
Calvin Johnson,FS,Madden Ultimate Team 10,92,77,236,88,87,87,89,78,74,79,77,78,83,84,79,85,72,66,92,89,43,93,66,49,83,77,91,84,89,70,86,45,True,True,2.0,False,1.0,2.0,False,False,False,False,87,44,83,88,84,86,30,46,50,47,89,29,33,38,https://cdn.muthead.com/media/20/assets/lgnd-00052168.png,81,Johnson,52168,250000,2019-09-27T20:15:32.232205Z,50,DET,True,17,10-01-2020,Zone (FS/SS),False
Ronnie Lott,FS,NFL 100,94,72,203,90,92,92,89,74,74,81,67,74,54,72,74,77,75,70,90,94,53,99,79,64,89,83,92,95,89,84,90,66,True,True,1.0,True,1.0,3.0,False,True,False,False,84,32,54,22,28,35,39,30,55,35,55,25,45,25,https://cdn.muthead.com/media/20/assets/nfl1-00051934.png,42,Lott,51934,18200,2019-12-07T15:36:42.142557Z,999,SF,True,17,10-01-2020,Zone (FS/SS),True
Charles Tillman,CB,Legends,94,74,210,92,90,90,91,64,71,74,64,71,39,69,76,43,44,51,92,95,56,93,62,54,73,89,91,73,91,87,85,44,False,True,1.0,False,1.0,2.0,True,False,False,False,88,24,44,15,20,25,18,45,45,45,20,45,45,45,https://cdn.muthead.com/media/20/assets/lgnd-00052290.png,33,Tillman,52290,18200,2019-12-28T15:36:43.422125Z,52,CHI,True,24,10-01-2020,Slot (CB),False
Rod Woodson,CB,NFL 100,94,72,205,92,93,94,90,73,71,80,69,75,83,80,85,63,62,53,90,94,90,88,59,60,70,92,90,76,90,85,79,53,True,True,1.0,True,1.0,3.0,False,False,False,False,85,20,79,26,35,45,25,25,45,25,65,25,45,25,https://cdn.muthead.com/media/20/assets/nfl1-00051932.png,26,Woodson,51932,18200,2019-12-07T15:36:42.143016Z,999,PIT,True,24,10-01-2020,Slot (CB),False
Casey Hayward Jr,CB,Most Feared,88,71,192,84,86,87,86,45,64,71,52,58,57,56,63,31,15,46,81,90,28,64,48,37,57,89,86,44,86,86,64,30,True,True,,False,1.0,3.0,False,False,False,False,63,10,50,10,10,10,10,25,25,25,10,25,25,25,https://cdn.muthead.com/media/20/assets/fear-00051641.png,26,Hayward Jr,51641,2570,2019-10-25T14:36:45.595789Z,33,LAC,True,1,10-01-2020,Man-to-Man (CB),False
Derwin James,SS,Gauntlet I,89,74,215,87,89,86,87,62,75,65,51,56,56,57,67,37,36,70,90,91,75,87,62,56,76,82,81,89,87,81,81,62,False,False,1.0,True,2.0,3.0,False,True,False,True,63,14,49,10,12,17,10,25,25,25,14,25,25,25,https://cdn.muthead.com/media/20/assets/gaun-00051205.png,33,James,51205,0,2019-09-20T14:36:44.444185Z,39,LAC,True,2,10-01-2020,Hybrid (FS/SS),True
Champ Bailey,CB,NFL Playoffs,96,72,192,94,94,95,92,64,59,79,59,78,75,90,95,45,48,48,90,95,86,84,48,56,75,96,91,58,92,90,77,36,True,True,1.0,False,1.0,3.0,False,False,False,False,90,25,75,60,0,60,25,25,45,25,52,25,45,25,https://cdn.muthead.com/media/20/assets/nflp-00053002.png,24,Bailey,53002,34900,2020-01-04T15:36:45.629755Z,63,DEN,True,1,10-01-2020,Man-to-Man (CB),False
Kendall Fuller,CB,Ultimate Kickoff,93,71,198,89,91,89,92,53,66,67,57,60,57,53,68,19,18,49,86,87,59,80,63,35,70,91,86,57,92,82,79,28,False,True,,False,1.0,3.0,True,False,False,False,60,10,47,10,10,16,10,24,10,23,17,24,10,23,https://cdn.muthead.com/media/20/assets/ultk-00051113.png,29,Fuller,51113,13100,2019-09-12T14:36:35.978860Z,41,KC,True,24,10-01-2020,Slot (CB),False
Desmond Trufant,CB,Series Redux,90,72,190,87,88,91,86,44,57,67,49,59,63,59,67,15,10,54,87,88,46,65,51,35,70,89,88,38,86,89,76,25,True,True,1.0,False,1.0,3.0,False,False,False,False,64,10,53,10,10,20,10,25,25,25,10,25,25,25,https://cdn.muthead.com/media/20/assets/sigs-00051004.png,21,Trufant,99951004,4940,2019-09-20T14:36:44.442094Z,38,ATL,True,1,10-01-2020,Man-to-Man (CB),False
Tyrann Mathieu,SS,Flashbacks,90,69,186,87,89,89,88,58,59,77,51,62,76,75,80,45,25,56,83,89,80,85,56,65,76,85,83,82,88,87,85,37,False,True,2.0,False,2.0,3.0,True,False,False,False,78,23,67,10,15,25,10,25,25,25,15,25,25,25,https://cdn.muthead.com/media/20/assets/flsh-00050932.png,32,Mathieu,50932,4940,2019-11-04T16:13:52.331869Z,38,ARI,True,2,10-01-2020,Hybrid (FS/SS),False
Justin Simmons,FS,Signature Series,93,74,202,88,91,96,94,52,66,74,48,65,52,50,58,34,43,55,93,95,50,79,74,36,84,82,81,86,94,68,94,32,False,True,1.0,False,2.0,2.0,False,False,False,False,48,10,37,10,10,12,10,23,10,24,12,23,10,24,https://cdn.muthead.com/media/20/assets/sigs-00051032.png,31,Simmons,51032,250000,2019-11-28T15:36:39.990401Z,45,DEN,True,21,10-01-2020,Run Support (FS/SS),False
Johnathan Joseph,CB,NFL Playoffs,91,71,185,89,88,86,92,50,61,74,40,60,32,63,75,10,15,54,89,96,64,68,41,39,60,90,85,42,92,85,67,18,False,True,1.0,False,1.0,3.0,False,False,False,False,50,10,22,10,10,20,10,25,25,25,10,25,25,25,https://cdn.muthead.com/media/20/assets/nflp-00053026.png,24,Joseph,53026,6840,2020-01-04T15:36:45.624543Z,38,HOU,False,1,10-01-2020,Man-to-Man (CB),False
Jimmy Smith,CB,Ultimate Kickoff,93,74,210,87,89,88,92,59,75,78,43,68,55,55,55,45,45,56,87,90,44,92,42,54,74,93,87,71,92,97,63,59,False,True,1.0,False,1.0,3.0,False,False,False,False,60,10,45,10,10,12,10,25,25,25,10,25,25,25,https://cdn.muthead.com/media/20/assets/ultk-00051129.png,22,Smith,51129,13100,2019-09-12T14:36:32.460074Z,42,BAL,True,1,10-01-2020,Man-to-Man (CB),False
Keanu Neal,SS,Most Feared,90,73,216,83,84,83,92,55,72,65,38,55,51,53,56,46,38,67,85,87,70,93,65,50,77,79,85,95,92,79,92,42,False,True,1.0,True,1.0,2.0,True,False,False,False,49,10,36,19,24,34,15,23,10,23,32,23,15,24,https://cdn.muthead.com/media/20/assets/fear-00051627.png,22,Neal,51627,1235,2019-10-25T14:36:45.598008Z,44,ATL,True,21,10-01-2020,Run Support (FS/SS),True
Ed Reed,SS,NFL 100,94,71,200,93,93,93,91,64,69,82,73,80,90,85,87,41,58,68,90,95,88,84,62,63,80,82,93,88,91,81,86,46,True,True,1.0,True,1.0,3.0,False,False,False,False,90,28,90,20,0,20,25,25,45,25,20,25,45,25,https://cdn.muthead.com/media/20/assets/nfl1-00051931.png,20,Reed,51931,18200,2019-12-07T15:36:42.143240Z,999,BAL,True,17,10-01-2020,Zone (FS/SS),False
Justin Reid,FS,Series Redux,92,73,202,91,90,90,89,53,65,69,63,61,33,51,61,37,21,66,86,91,54,85,61,45,79,82,90,80,89,72,87,38,False,True,1.0,False,1.0,3.0,True,False,False,False,47,10,14,10,10,10,10,25,25,25,12,25,25,25,https://cdn.muthead.com/media/20/assets/bltz-00051808.png,20,Reid,99951808,9470,2019-12-13T16:37:36.618125Z,45,HOU,True,17,10-01-2020,Zone (FS/SS),False
Richard Sherman,CB,Zero Chill,95,75,195,89,89,95,97,56,79,78,61,78,64,65,67,40,41,55,97,98,47,94,51,51,69,92,97,71,97,96,78,31,True,True,1.0,False,1.0,3.0,True,False,False,False,76,10,54,12,19,29,10,25,25,25,38,25,25,25,https://cdn.muthead.com/media/20/assets/zero-00052901.png,25,Sherman,52901,250000,2019-12-18T15:36:43.192556Z,61,SF,True,37,10-01-2020,Zone (CB),False
Mel Renfro,CB,Theme Diamonds,89,72,190,86,87,88,86,64,64,73,65,71,82,81,84,43,39,51,88,88,88,67,51,53,63,86,87,71,86,75,82,38,False,True,1.0,True,1.0,3.0,True,False,False,False,85,20,82,40,40,40,56,45,45,45,40,45,45,45,https://cdn.muthead.com/media/20/assets/diam-00050111.png,20,Renfro,50111,3570,2019-08-16T14:36:35.659393Z,36,DAL,True,24,10-01-2020,Slot (CB),False
Brandon Carr,CB,Signature Series,93,72,210,88,92,86,93,50,57,72,56,65,40,64,69,25,25,54,88,95,68,72,57,36,73,90,87,52,93,97,81,25,False,True,,False,1.0,2.0,False,False,False,False,66,10,30,13,20,30,10,25,25,25,30,25,25,25,https://cdn.muthead.com/media/20/assets/sigs-00051034.png,39,Carr,51034,250000,2019-12-05T15:36:40.236586Z,44,BAL,False,1,10-01-2020,Man-to-Man (CB),False
Richard Sherman,CB,Ultimate Kickoff,91,75,195,84,85,91,93,56,75,74,57,74,64,65,67,40,41,52,94,95,44,94,47,48,63,87,94,66,93,92,74,28,True,True,1.0,False,1.0,3.0,True,False,False,False,76,10,54,12,19,29,10,25,25,25,38,25,25,25,https://cdn.muthead.com/media/20/assets/ultk-00051104.png,25,Sherman,51104,6840,2019-09-12T14:36:37.921794Z,46,SF,True,37,10-01-2020,Zone (CB),False
Trumaine Johnson,CB,Flashbacks,91,74,213,87,87,88,91,53,69,79,51,78,56,50,65,25,35,53,87,94,63,63,51,56,74,86,91,77,91,89,80,42,False,False,2.0,False,1.0,3.0,False,False,False,False,55,10,46,10,10,12,10,25,25,25,10,25,25,25,https://cdn.muthead.com/media/20/assets/flsh-00050938.png,22,Johnson,50938,6840,2019-11-25T15:36:38.400977Z,44,LAR,False,37,10-01-2020,Zone (CB),False
Trae Waynes,CB,Series Redux,89,72,190,93,91,85,84,44,66,72,67,74,55,57,61,25,10,44,87,92,38,82,59,36,51,83,80,40,84,88,83,44,False,True,1.0,False,1.0,2.0,False,False,False,False,54,10,45,10,10,15,10,25,25,25,25,25,25,25,https://cdn.muthead.com/media/20/assets/bltz-00051818.png,26,Waynes,99951818,3570,2019-12-13T16:37:36.615862Z,42,MIN,False,1,10-01-2020,Man-to-Man (CB),False
Kevin Byard,FS,NFL Playoffs,95,71,212,90,88,90,94,68,74,79,47,68,60,50,62,38,40,59,89,91,53,86,68,54,80,82,97,82,94,67,91,48,False,True,1.0,False,1.0,3.0,False,False,False,False,54,10,45,10,10,12,10,23,10,24,12,23,10,24,https://cdn.muthead.com/media/20/assets/nflp-00053038.png,31,Byard,53038,25200,2020-01-04T15:36:45.621935Z,58,TEN,True,17,10-01-2020,Zone (FS/SS),False
Janoris Jenkins,CB,Veterans,89,70,190,88,91,92,85,44,52,74,52,83,73,65,75,23,20,44,85,93,76,90,51,52,61,85,80,52,85,86,73,30,False,False,,False,2.0,2.0,True,False,False,False,67,10,62,10,10,15,10,20,20,20,10,15,25,20,https://cdn.muthead.com/media/20/assets/vets-00050742.png,20,Jenkins,50742,3570,2019-12-13T15:36:46.975010Z,35,NYG,False,1,10-01-2020,Man-to-Man (CB),False
Desmond King II,CB,Team of the Week,90,70,201,86,88,92,91,64,70,73,72,73,60,57,73,34,18,48,81,95,85,81,59,35,57,86,90,66,91,81,83,26,False,True,1.0,False,1.0,3.0,False,False,False,False,67,10,50,10,10,12,10,25,25,25,10,25,25,25,https://cdn.muthead.com/media/20/assets/totw-00056062.png,20,King II,56062,4940,2019-10-01T18:36:02.124692Z,41,LAC,True,24,10-01-2020,Slot (CB),False
Mike Evans,CB,Out of Position,93,77,231,90,92,87,83,69,77,83,85,84,62,67,75,71,68,68,96,93,47,88,46,43,75,96,92,62,83,88,67,40,False,False,1.0,False,1.0,2.0,False,False,False,False,82,12,68,75,77,72,33,29,49,32,84,17,39,19,https://cdn.muthead.com/media/20/assets/zero-00052702.png,13,Evans,52702,13100,2019-12-20T15:36:43.683945Z,57,TB,False,1,10-01-2020,Man-to-Man (CB),False
Eric Rowe,CB,Team of the Week,89,73,205,90,90,90,83,55,74,68,48,68,45,49,55,35,30,51,91,92,56,80,47,57,72,83,80,70,83,90,70,39,False,True,1.0,False,2.0,2.0,False,False,False,False,52,10,35,10,10,10,10,25,25,25,10,25,25,25,https://cdn.muthead.com/media/20/assets/totw-00056259.png,21,Rowe,56259,3570,2020-01-07T19:21:34.852479Z,38,MIA,False,1,10-01-2020,Man-to-Man (CB),False
Deion Sanders,CB,Madden Ultimate Team 10,92,72,185,92,92,92,89,76,45,78,65,76,91,86,90,35,10,36,89,92,91,55,36,30,53,92,90,45,89,77,67,21,True,True,1.0,False,1.0,3.0,False,False,False,False,90,37,88,86,77,80,10,25,45,25,77,25,45,25,https://cdn.muthead.com/media/20/assets/lgnd-00052194.png,21,Sanders,52194,250000,2019-10-11T20:02:51.583817Z,49,DAL,True,1,10-01-2020,Man-to-Man (CB),False
Earl Thomas III,FS,Most Feared,92,70,202,86,88,90,93,57,64,75,66,74,67,65,75,15,30,65,89,94,72,82,51,39,77,80,94,85,93,76,76,49,True,True,2.0,True,1.0,3.0,True,False,False,False,69,12,56,10,10,20,14,25,25,25,10,25,25,25,https://cdn.muthead.com/media/20/assets/fear-00051617.png,29,Thomas III,51617,9470,2019-10-18T14:36:43.847866Z,47,BAL,True,17,10-01-2020,Zone (FS/SS),False
Darius Slay Jr,CB,Team of the Week,90,72,190,89,88,88,89,54,55,68,50,60,70,71,74,33,29,51,84,90,67,67,52,44,62,85,91,69,89,85,73,35,True,True,,False,1.0,3.0,False,False,False,False,71,10,62,13,20,30,10,25,25,25,30,25,25,25,https://cdn.muthead.com/media/20/assets/totw-00056032.png,23,Slay Jr,56032,4940,2019-09-17T18:44:23.899172Z,41,DET,True,37,10-01-2020,Zone (CB),False
Harrison Smith,SS,MUT20 Launch Promo,89,74,214,81,85,86,92,56,67,74,51,61,44,51,44,25,51,61,79,85,12,76,66,42,81,79,89,87,92,79,88,58,True,True,2.0,True,1.0,3.0,False,False,False,False,50,10,29,10,10,10,13,25,25,25,10,25,25,25,https://cdn.muthead.com/media/20/assets/buil-00050308.png,22,Smith,50308,3570,2019-08-02T03:46:57.895063Z,123,MIN,True,2,10-01-2020,Hybrid (FS/SS),False
Deion Sanders,CB,Series Redux,92,72,185,92,92,92,89,76,45,78,65,76,91,86,90,35,10,36,89,92,91,55,36,30,53,92,90,45,89,77,67,21,True,True,1.0,False,1.0,3.0,False,False,False,False,90,37,88,86,77,80,10,25,45,25,77,25,45,25,https://cdn.muthead.com/media/20/assets/lgnd-00052194.png,21,Sanders,99952194,9470,2019-11-01T15:51:33.069118Z,49,DAL,True,1,10-01-2020,Man-to-Man (CB),False
Harrison Smith,SS,Ghosts of Madden - Present,94,74,214,87,90,91,96,56,72,78,55,65,44,51,44,25,51,65,85,90,15,76,70,46,86,83,94,92,96,82,93,62,True,True,2.0,True,1.0,3.0,False,False,False,False,50,10,29,10,10,10,13,25,25,25,10,25,25,25,https://cdn.muthead.com/media/20/assets/zero-00052621.png,22,Smith,52621,18200,2020-01-01T15:36:46.452830Z,59,MIN,True,2,10-01-2020,Hybrid (FS/SS),True
Marcus Peters,CB,Zero Chill,93,72,197,90,90,91,92,58,71,82,74,75,66,56,67,20,15,58,89,87,47,82,55,43,63,93,84,64,92,87,82,46,False,False,,False,2.0,3.0,True,False,False,False,65,10,56,10,10,14,10,25,25,25,15,25,25,25,https://cdn.muthead.com/media/20/assets/zero-00052521.png,24,Peters,52521,13100,2019-12-23T15:36:43.668156Z,45,BAL,False,1,10-01-2020,Man-to-Man (CB),False
Sean Taylor,FS,Zero Chill,95,74,220,93,93,93,89,76,76,78,67,82,70,84,87,77,40,72,92,93,72,92,77,69,88,81,92,95,89,76,92,62,True,True,1.0,True,1.0,3.0,True,False,False,False,90,35,61,20,20,20,45,45,45,45,45,45,45,45,https://cdn.muthead.com/media/20/assets/zero-00052905.png,21,Taylor,52905,250000,2019-12-25T15:36:44.220932Z,66,WAS,True,17,10-01-2020,Zone (FS/SS),True
Vonn Bell,SS,NFL Playoffs,89,71,205,88,90,85,91,59,67,73,49,62,52,52,57,31,35,63,82,89,46,81,53,59,80,81,82,82,91,60,76,44,False,True,1.0,False,1.0,2.0,True,False,False,False,47,10,37,10,10,12,10,23,10,24,12,23,15,24,https://cdn.muthead.com/media/20/assets/nflp-00053069.png,24,Bell,53069,3570,2020-01-04T15:36:45.615196Z,36,NO,False,17,10-01-2020,Zone (FS/SS),False
Xavien Howard,CB,MUT Heroes,90,73,192,90,90,86,88,54,63,73,50,67,63,59,66,19,16,41,88,88,57,88,58,32,61,83,89,49,88,86,82,28,False,True,,False,1.0,3.0,False,False,False,False,56,10,53,10,10,16,10,24,10,23,17,24,10,23,https://cdn.muthead.com/media/20/assets/hero-00051314.png,25,Howard,51314,4940,2019-10-04T14:36:38.365427Z,41,MIA,True,37,10-01-2020,Zone (CB),False
Brian Dawkins,FS,Legends,91,72,210,87,85,85,89,70,74,72,57,69,65,82,84,55,25,66,84,90,45,96,69,68,84,75,89,91,89,77,88,56,True,True,1.0,True,1.0,3.0,True,False,False,False,72,20,65,15,0,15,25,25,45,25,25,25,45,25,https://cdn.muthead.com/media/20/assets/lgnd-00052123.png,20,Dawkins,52123,6840,2019-09-07T14:36:27.571654Z,45,PHI,True,17,10-01-2020,Zone (FS/SS),False
Charles Tillman,CB,Legends,90,74,210,88,86,86,87,64,66,70,60,67,39,69,76,43,44,47,88,90,52,93,58,50,70,85,86,69,87,82,81,40,False,True,1.0,False,1.0,2.0,True,False,False,False,88,24,44,15,20,25,18,45,45,45,20,45,45,45,https://cdn.muthead.com/media/20/assets/lgnd-00052292.png,33,Tillman,52292,4940,2019-12-28T15:36:43.421681Z,38,CHI,True,24,10-01-2020,Slot (CB),False
Kenny Moore II,CB,Football Outsiders,90,69,190,88,90,89,90,43,59,62,55,65,51,61,65,38,43,60,93,88,75,77,60,57,61,84,87,59,90,80,78,44,False,False,1.0,False,1.0,3.0,False,False,False,False,38,10,41,11,18,28,10,25,15,25,30,25,15,25,https://cdn.muthead.com/media/20/assets/foot-00051530.png,23,Moore II,51530,4940,2019-12-08T15:36:41.561514Z,38,IND,False,24,10-01-2020,Slot (CB),False
Jason Verrett,CB,Flashbacks,88,70,188,87,88,88,85,49,59,75,65,71,69,46,65,20,13,50,88,91,63,83,39,36,57,83,87,62,85,84,70,26,False,True,1.0,False,1.0,3.0,False,False,False,False,62,10,59,10,10,10,10,25,25,25,10,25,25,25,https://cdn.muthead.com/media/20/assets/flsh-00050916.png,22,Verrett,50916,2570,2019-09-09T14:36:30.435150Z,35,LAC,False,37,10-01-2020,Zone (CB),False
Calvin Johnson,FS,Out of Position,95,77,236,91,90,90,92,78,77,82,80,81,83,84,79,85,72,69,95,92,46,93,70,52,86,80,94,87,92,73,89,48,True,True,2.0,False,1.0,2.0,False,False,False,False,87,44,83,88,84,86,30,46,50,47,89,29,33,38,https://cdn.muthead.com/media/20/assets/zero-00052701.png,81,Johnson,52701,25200,2019-12-20T15:36:43.684170Z,62,DET,True,17,10-01-2020,Zone (FS/SS),False
Adrian Amos Jr,SS,Harvest,92,72,214,91,90,83,93,55,70,61,50,58,44,45,54,34,30,60,84,86,32,66,66,44,75,80,90,85,93,76,88,39,False,True,1.0,False,2.0,3.0,True,False,False,False,49,10,29,10,10,10,10,25,25,25,10,25,25,25,https://cdn.muthead.com/media/20/assets/harv-00051710.png,31,Amos Jr,51710,2368,2019-11-21T15:36:45.372131Z,48,GB,True,17,10-01-2020,Zone (FS/SS),False
Patrick Surtain,CB,Legends,91,71,195,87,87,87,91,70,59,71,65,69,43,71,80,23,26,39,83,86,51,87,49,54,62,92,86,61,91,90,74,33,False,True,1.0,False,1.0,2.0,False,False,False,False,59,22,40,20,23,28,15,45,45,45,15,45,45,45,https://cdn.muthead.com/media/20/assets/lgnd-00052254.png,23,Surtain,52254,6840,2019-11-16T16:45:07.301481Z,39,MIA,True,1,10-01-2020,Man-to-Man (CB),False
Chris McAlister,CB,Theme Diamonds,89,73,206,84,86,83,88,69,68,66,64,64,65,69,74,36,38,49,86,86,54,85,53,40,68,87,83,70,88,88,77,34,False,True,1.0,False,1.0,3.0,False,False,False,False,79,15,58,15,20,25,15,35,35,35,18,35,35,35,https://cdn.muthead.com/media/20/assets/diam-00050125.png,21,McAlister,50125,3570,2019-08-16T14:36:32.668197Z,33,BAL,True,24,10-01-2020,Slot (CB),False
Eddie Jackson,FS,Series Redux,90,72,201,83,85,81,93,64,58,74,69,67,62,55,66,37,38,48,79,84,78,64,52,35,72,81,93,79,93,76,86,26,True,True,1.0,False,1.0,3.0,False,False,False,False,70,10,47,27,32,42,10,25,28,25,39,25,25,25,https://cdn.muthead.com/media/20/assets/sigs-00051002.png,39,Jackson,99851002,2470,2019-11-01T15:51:33.074882Z,41,CHI,True,17,10-01-2020,Zone (FS/SS),False
Ed Reed,SS,Legends,91,71,200,90,90,90,87,60,66,80,69,76,86,81,83,40,56,65,87,92,85,84,60,60,78,80,90,86,87,78,83,43,True,True,1.0,True,1.0,3.0,False,False,False,False,86,28,86,20,0,20,25,25,45,25,20,25,45,25,https://cdn.muthead.com/media/20/assets/lgnd-00052188.png,20,Reed,52188,6840,2019-10-12T14:36:43.568856Z,47,BAL,True,17,10-01-2020,Zone (FS/SS),False
Kenny Vaccaro,SS,NFL Playoffs,89,72,214,85,88,87,89,56,68,66,62,64,47,56,62,55,55,63,89,95,49,90,63,65,81,74,79,90,89,76,88,50,False,True,1.0,True,2.0,2.0,False,False,False,False,60,10,32,10,10,15,11,25,25,25,29,25,25,25,https://cdn.muthead.com/media/20/assets/nflp-00053041.png,24,Vaccaro,53041,3570,2020-01-04T15:36:45.621286Z,38,TEN,False,21,10-01-2020,Run Support (FS/SS),True
William Jackson,CB,Series Redux,93,72,196,92,92,87,91,58,58,76,54,70,72,59,71,19,16,49,91,90,58,76,57,26,57,92,88,76,91,87,76,25,False,True,1.0,False,1.0,3.0,False,False,False,False,63,10,62,10,10,16,10,24,10,23,17,24,10,23,https://cdn.muthead.com/media/20/assets/sigs-00051030.png,22,Jackson,99951030,13100,2019-12-13T16:37:36.620874Z,49,CIN,True,1,10-01-2020,Man-to-Man (CB),False
Darnell Savage Jr,FS,Rookie Premiere,91,71,198,93,91,88,86,60,59,70,62,68,61,61,67,30,28,63,92,87,68,81,63,57,82,84,85,93,86,72,91,38,False,True,1.0,False,1.0,3.0,False,False,False,False,63,10,44,10,12,24,10,25,25,25,12,25,25,25,https://cdn.muthead.com/media/20/assets/prmr-00000100.png,26,Savage Jr,100,0,2019-07-22T21:59:37.460202Z,53,GB,False,2,10-01-2020,Hybrid (FS/SS),True
Deion Sanders,CB,NFL 100,94,72,185,95,95,95,90,76,48,81,68,79,94,89,93,35,10,39,92,95,94,55,39,33,56,94,91,49,90,79,70,24,True,True,1.0,False,1.0,3.0,False,False,False,False,93,37,91,86,77,80,10,25,45,25,77,25,45,25,https://cdn.muthead.com/media/20/assets/nfl1-00051923.png,21,Sanders,51923,18200,2019-12-07T02:20:53.335273Z,999,DAL,True,1,10-01-2020,Man-to-Man (CB),False
Reshad Jones,SS,Ultimate Kickoff,88,73,214,82,85,80,91,50,71,74,45,66,51,51,59,36,35,66,86,89,29,70,71,54,76,76,82,90,91,80,84,67,False,True,1.0,True,1.0,3.0,False,False,False,False,61,10,31,10,15,25,14,25,25,25,10,25,25,25,https://cdn.muthead.com/media/20/assets/ultk-00051116.png,20,Jones,51116,2570,2019-09-12T14:36:35.328338Z,38,MIA,False,21,10-01-2020,Run Support (FS/SS),True
Mel Blount,CB,Ghosts of Madden - Past,95,75,205,91,91,91,93,80,74,77,68,68,45,74,75,42,50,57,93,92,60,66,61,47,73,92,91,84,93,94,80,52,True,True,2.0,True,1.0,3.0,True,False,False,False,70,26,45,24,33,40,25,25,45,25,65,25,45,25,https://cdn.muthead.com/media/20/assets/zero-00052612.png,47,Blount,52612,25200,2019-12-25T15:36:44.221171Z,57,PIT,True,24,10-01-2020,Slot (CB),False
Minkah Fitzpatrick,FS,Team of the Week,91,73,201,89,92,91,94,56,63,73,63,66,54,54,62,26,29,61,82,92,69,88,59,51,67,86,88,84,94,78,85,39,False,True,,False,1.0,3.0,False,False,False,False,57,10,47,10,13,18,10,25,25,25,19,25,25,25,https://cdn.muthead.com/media/20/assets/totw-00056152.png,39,Fitzpatrick,56152,6840,2019-11-12T20:11:33.358719Z,44,PIT,True,2,10-01-2020,Hybrid (FS/SS),False
Justin Reid,FS,Blitz,92,73,202,91,90,90,89,53,65,69,63,61,33,51,61,37,21,66,86,91,54,85,61,45,79,82,90,80,89,72,87,38,False,True,1.0,False,1.0,3.0,True,False,False,False,47,10,14,10,10,10,10,25,25,25,12,25,25,25,https://cdn.muthead.com/media/20/assets/bltz-00051808.png,20,Reid,51808,9470,2019-11-29T01:19:02.430765Z,45,HOU,True,17,10-01-2020,Zone (FS/SS),False
Bradley Roby,CB,Team of the Week,88,71,194,90,89,89,83,45,59,71,51,64,65,50,63,15,10,54,87,90,72,70,45,62,54,83,81,74,83,86,68,44,False,False,,False,1.0,3.0,True,False,False,False,55,10,55,10,10,15,10,25,25,25,25,25,25,25,https://cdn.muthead.com/media/20/assets/totw-00056198.png,21,Roby,56198,2570,2019-12-03T19:14:00.793548Z,36,HOU,False,1,10-01-2020,Man-to-Man (CB),False
Quandre Diggs,SS,Team of the Week,88,69,200,86,86,84,90,59,69,68,50,67,61,58,66,25,19,50,84,89,75,80,58,32,71,82,84,80,90,80,80,24,False,True,,False,1.0,3.0,False,False,False,False,60,31,51,10,10,20,10,25,25,25,25,25,25,25,https://cdn.muthead.com/media/20/assets/totw-00056214.png,37,Diggs,56214,2570,2019-12-10T19:20:54.992035Z,34,SEA,False,2,10-01-2020,Hybrid (FS/SS),False
Budda Baker,FS,Ultimate Kickoff,88,70,195,87,87,89,89,62,70,72,64,68,62,62,71,26,26,67,76,92,63,83,71,45,78,77,71,87,89,74,90,36,False,True,1.0,False,1.0,3.0,True,False,False,False,66,17,47,26,31,41,13,25,25,25,37,25,25,25,https://cdn.muthead.com/media/20/assets/ultk-00051111.png,32,Baker,51111,2570,2019-09-12T14:36:36.413495Z,36,ARI,False,21,10-01-2020,Run Support (FS/SS),False
Tre'Davious White,CB,Signature Series,91,71,192,88,90,88,91,55,72,69,51,70,72,64,72,33,18,56,77,92,86,81,52,34,70,88,87,64,91,92,76,26,False,True,,False,1.0,3.0,False,False,False,False,71,30,63,10,15,25,10,25,15,25,22,25,15,25,https://cdn.muthead.com/media/20/assets/sigs-00051014.png,27,White,51014,250000,2019-09-26T14:36:35.816860Z,39,BUF,True,1,10-01-2020,Man-to-Man (CB),False
Trae Waynes,CB,Blitz,89,72,190,93,91,85,84,44,66,72,67,74,55,57,61,25,10,44,87,92,38,82,59,36,51,83,80,40,84,88,83,44,False,True,1.0,False,1.0,2.0,False,False,False,False,54,10,45,10,10,15,10,25,25,25,25,25,25,25,https://cdn.muthead.com/media/20/assets/bltz-00051818.png,26,Waynes,51818,3570,2019-11-29T01:19:02.428563Z,42,MIN,False,1,10-01-2020,Man-to-Man (CB),False
Charles Tillman,CB,Theme Diamonds,88,74,210,85,83,83,87,64,64,68,58,65,39,69,76,43,44,45,85,88,51,93,56,48,68,83,86,68,87,81,79,38,False,True,1.0,False,1.0,2.0,True,False,False,False,88,24,44,15,20,25,18,45,45,45,20,45,45,45,https://cdn.muthead.com/media/20/assets/diam-00050101.png,33,Tillman,50101,2570,2019-08-16T14:36:37.871463Z,33,CHI,True,24,10-01-2020,Slot (CB),False
Calvin Johnson,FS,Series Redux,92,77,236,88,87,87,89,78,74,79,77,78,83,84,79,85,72,66,92,89,43,93,66,49,83,77,91,84,89,70,86,45,True,True,2.0,False,1.0,2.0,False,False,False,False,87,44,83,88,84,86,30,46,50,47,89,29,33,38,https://cdn.muthead.com/media/20/assets/lgnd-00052168.png,81,Johnson,99952168,9470,2019-11-01T15:51:33.069562Z,50,DET,True,17,10-01-2020,Zone (FS/SS),False
Derwin James,SS,Zero Chill,93,74,215,90,92,89,91,62,78,68,54,59,56,57,67,37,36,73,93,94,78,87,65,59,81,86,86,93,91,85,86,65,False,False,1.0,True,2.0,3.0,False,True,False,True,63,14,49,10,12,17,10,25,25,25,14,25,25,25,https://cdn.muthead.com/media/20/assets/zero-00052503.png,33,James,52503,13100,2019-12-16T15:36:42.929636Z,52,LAC,True,2,10-01-2020,Hybrid (FS/SS),True
Jordan Poyer,SS,Ultimate Kickoff,93,72,191,86,90,87,91,55,65,75,48,68,35,55,56,10,15,58,78,92,67,74,67,55,80,88,95,77,91,88,94,47,False,True,1.0,False,1.0,2.0,False,False,False,False,50,10,20,10,15,25,10,25,25,25,10,25,25,25,https://cdn.muthead.com/media/20/assets/ultk-00051107.png,21,Poyer,51107,13100,2019-09-12T14:36:37.273964Z,50,BUF,False,17,10-01-2020,Zone (FS/SS),False
Fabian Moreau,CB,Series Redux,93,72,198,93,92,88,89,49,70,76,68,71,53,58,62,27,19,52,90,93,44,77,51,41,72,88,91,76,89,94,70,34,False,True,,False,1.0,2.0,False,False,False,False,58,10,43,10,10,18,10,25,25,25,12,25,25,25,https://cdn.muthead.com/media/20/assets/totw-00056180.png,31,Moreau,99956180,13100,2019-12-13T16:37:36.612185Z,54,WAS,False,37,10-01-2020,Zone (CB),False
Patrick Surtain,CB,Legends,93,71,195,91,91,91,91,70,64,73,67,71,43,71,80,23,26,41,87,91,53,87,51,56,64,92,86,63,91,90,76,35,False,True,1.0,False,1.0,2.0,False,False,False,False,59,22,40,20,23,28,15,45,45,45,15,45,45,45,https://cdn.muthead.com/media/20/assets/lgnd-00052253.png,23,Surtain,52253,13100,2019-11-16T16:45:07.301703Z,46,MIA,True,1,10-01-2020,Man-to-Man (CB),False
DeAndre Baker,CB,Rookie Premiere,93,71,180,90,91,88,91,48,62,75,52,69,52,50,58,23,23,54,84,91,51,82,57,49,70,92,85,60,91,95,76,44,False,True,1.0,False,1.0,2.0,False,False,False,False,54,10,42,10,10,14,10,24,24,23,11,24,23,23,https://cdn.muthead.com/media/20/assets/prmr-00000099.png,27,Baker,99,0,2019-07-22T21:59:37.649201Z,45,NYG,False,1,10-01-2020,Man-to-Man (CB),False
Jonathan Jones,CB,Zero Chill,88,70,190,93,93,80,82,50,61,66,62,72,55,55,58,19,18,43,83,82,61,73,60,41,62,83,76,46,82,79,79,35,False,True,,False,1.0,2.0,True,False,False,False,50,10,45,10,10,16,10,24,24,23,17,24,23,23,https://cdn.muthead.com/media/20/assets/zero-00052507.png,31,Jones,52507,2570,2019-12-16T15:36:42.928755Z,41,NE,False,1,10-01-2020,Man-to-Man (CB),False
William Jackson,CB,Signature Series,93,72,196,92,92,87,91,58,58,76,54,70,72,59,71,19,16,49,91,90,58,76,57,26,57,92,88,76,91,87,76,25,False,True,1.0,False,1.0,3.0,False,False,False,False,63,10,62,10,10,16,10,24,10,23,17,24,10,23,https://cdn.muthead.com/media/20/assets/sigs-00051030.png,22,Jackson,51030,250000,2019-11-21T15:36:45.374270Z,49,CIN,True,1,10-01-2020,Man-to-Man (CB),False
Shaquill Griffin,CB,NFL Playoffs,93,72,198,94,93,88,90,57,68,73,71,74,53,63,70,38,26,58,91,89,45,80,57,38,71,87,90,72,90,88,83,29,False,True,,False,1.0,2.0,False,False,False,False,61,10,43,10,10,14,10,25,25,25,10,25,25,25,https://cdn.muthead.com/media/20/assets/nflp-00053046.png,26,Griffin,53046,13100,2020-01-04T15:36:45.620204Z,54,SEA,False,37,10-01-2020,Zone (CB),False
Joe Haden,CB,Team of the Week,92,71,195,88,90,90,93,50,65,80,54,72,70,71,75,10,25,51,92,97,19,83,46,46,56,90,89,72,93,91,71,53,False,True,,False,2.0,3.0,False,False,False,False,72,10,65,10,10,10,10,25,25,25,15,25,25,25,https://cdn.muthead.com/media/20/assets/totw-00056212.png,23,Haden,56212,9470,2019-12-10T19:20:54.992485Z,44,PIT,True,1,10-01-2020,Man-to-Man (CB),False
Jamal Adams,SS,MUT Heroes,91,73,213,87,86,83,92,50,74,67,47,57,30,45,55,30,35,71,74,89,29,84,65,36,82,86,87,94,92,66,90,49,False,True,1.0,True,2.0,2.0,True,False,False,False,45,10,15,10,15,25,16,25,25,25,10,25,25,25,https://cdn.muthead.com/media/20/assets/hero-00051352.png,33,Adams,51352,6840,2019-10-04T14:36:38.357600Z,48,NYJ,True,21,10-01-2020,Run Support (FS/SS),True
Antoine Bethea,FS,Veterans,89,71,206,84,85,81,91,55,68,68,40,64,20,38,41,18,29,63,85,89,62,75,63,68,79,81,85,84,91,67,86,41,False,True,1.0,False,1.0,3.0,True,False,False,False,26,10,10,10,10,20,10,25,25,25,22,25,25,25,https://cdn.muthead.com/media/20/assets/vets-00050736.png,41,Bethea,50736,3570,2019-11-22T15:36:39.703815Z,38,NYG,False,17,10-01-2020,Zone (FS/SS),False
Anthony Harris,FS,Team of the Week,93,73,202,89,91,90,94,42,61,73,67,76,51,47,59,26,27,60,89,88,31,72,65,45,75,84,91,91,94,75,92,34,False,False,1.0,False,1.0,2.0,False,False,False,False,52,10,38,16,21,31,10,25,15,25,20,25,15,25,https://cdn.muthead.com/media/20/assets/totw-00056225.png,41,Harris,56225,250000,2019-12-17T19:09:29.193122Z,52,MIN,False,17,10-01-2020,Zone (FS/SS),False
Jaire Alexander,CB,Football Outsiders,88,70,196,89,89,90,83,52,56,67,54,61,64,66,75,16,15,53,80,91,81,64,50,32,54,85,81,55,83,87,74,20,False,False,1.0,False,2.0,3.0,False,False,False,False,61,12,54,10,10,10,10,25,25,25,10,25,25,25,https://cdn.muthead.com/media/20/assets/foot-00051506.png,23,Alexander,51506,2570,2019-10-06T14:36:40.599243Z,35,GB,False,1,10-01-2020,Man-to-Man (CB),False
Champ Bailey,CB,Legends,91,72,192,90,90,91,86,64,55,74,54,73,75,90,95,45,48,44,86,91,82,84,44,52,69,91,85,54,86,83,72,32,True,True,1.0,False,1.0,3.0,False,False,False,False,90,25,75,60,0,60,25,25,45,25,52,25,45,25,https://cdn.muthead.com/media/20/assets/lgnd-00052162.png,24,Bailey,52162,6840,2019-09-28T14:36:34.279363Z,41,DEN,True,1,10-01-2020,Man-to-Man (CB),False
Kyle Fuller,CB,MUT Heroes,90,72,190,89,89,87,86,56,59,68,61,60,45,55,56,30,26,46,88,91,45,87,41,63,60,85,93,77,86,84,61,49,False,True,2.0,False,1.0,3.0,True,False,False,False,55,10,35,10,10,11,10,25,25,25,30,25,25,25,https://cdn.muthead.com/media/20/assets/hero-00051366.png,23,Fuller,51366,4940,2019-10-04T14:36:38.356554Z,44,CHI,True,37,10-01-2020,Zone (CB),False
Donte Jackson,CB,Series Redux,92,70,180,94,90,94,88,53,48,70,62,64,46,65,69,17,10,44,90,91,80,67,44,32,53,91,85,61,88,85,71,21,False,False,,False,1.0,3.0,True,False,False,False,59,10,35,10,10,10,10,25,25,25,10,25,25,25,https://cdn.muthead.com/media/20/assets/bltz-00051805.png,26,Jackson,99951805,9470,2019-12-13T16:37:36.618823Z,49,CAR,False,1,10-01-2020,Man-to-Man (CB),False
Ed Reed,SS,Legends,89,71,200,86,86,86,87,60,61,78,67,74,84,79,81,40,56,63,83,87,83,84,58,58,77,78,89,84,87,76,81,41,True,True,1.0,True,1.0,3.0,False,False,False,False,84,28,84,20,0,20,25,25,45,25,20,25,45,25,https://cdn.muthead.com/media/20/assets/lgnd-00052189.png,20,Reed,52189,3570,2019-10-12T14:36:43.568633Z,39,BAL,True,17,10-01-2020,Zone (FS/SS),False
Quinton Dunbar,CB,Series Redux,92,74,197,90,93,86,91,49,63,77,66,68,62,56,62,27,26,45,84,89,74,77,45,32,58,89,84,37,91,90,70,30,False,False,1.0,False,1.0,3.0,False,False,False,False,53,10,52,43,50,58,10,25,25,25,15,25,25,25,https://cdn.muthead.com/media/20/assets/sigs-00051026.png,23,Dunbar,99951026,9470,2019-12-13T16:37:36.621773Z,41,WAS,True,1,10-01-2020,Man-to-Man (CB),False
Lamarcus Joyner,FS,MUT Heroes,91,68,190,86,90,84,93,54,54,68,57,61,64,65,72,42,30,58,87,89,70,75,55,53,76,85,90,82,93,85,85,37,True,True,1.0,False,1.0,3.0,False,False,False,False,70,10,51,10,10,10,10,25,25,25,10,25,25,25,https://cdn.muthead.com/media/20/assets/hero-00051316.png,29,Joyner,51316,6840,2019-10-04T14:36:38.365008Z,42,OAK,True,2,10-01-2020,Hybrid (FS/SS),False
Jaquiski Tartt,SS,NFL Playoffs,89,73,215,88,89,82,89,52,63,64,42,60,32,39,44,32,47,61,80,85,31,86,66,57,79,79,84,89,89,83,85,42,False,True,1.0,False,1.0,3.0,False,False,False,False,35,10,20,10,10,10,10,25,25,25,15,25,25,25,https://cdn.muthead.com/media/20/assets/nflp-00053055.png,29,Tartt,53055,3570,2020-01-04T15:36:45.618232Z,42,SF,False,21,10-01-2020,Run Support (FS/SS),False
Ty Law,CB,Legends,90,71,200,85,85,85,90,66,60,74,58,70,72,70,82,35,35,48,83,86,37,90,48,32,68,88,88,59,90,89,77,36,True,True,1.0,False,1.0,3.0,False,False,False,False,73,22,58,15,15,15,45,45,45,45,15,45,45,45,https://cdn.muthead.com/media/20/assets/lgnd-00052215.png,24,Law,52215,4940,2019-10-26T16:45:42.261736Z,36,NE,True,24,10-01-2020,Slot (CB),False
Marshon Lattimore,CB,Harvest,91,72,192,91,92,89,84,51,70,70,58,70,67,63,70,23,13,51,89,87,68,71,49,41,66,90,83,66,84,85,70,29,False,True,1.0,False,1.0,3.0,True,False,False,False,64,10,57,10,14,24,10,25,25,25,10,25,25,25,https://cdn.muthead.com/media/20/assets/harv-00051756.png,23,Lattimore,51756,6840,2019-11-21T15:36:45.367399Z,42,NO,True,1,10-01-2020,Man-to-Man (CB),False
Andrew Sendejo,FS,Veterans,88,73,210,79,85,81,90,55,66,70,30,60,30,35,37,20,15,63,79,86,43,79,61,47,79,75,86,85,90,63,85,37,False,True,1.0,False,1.0,2.0,False,False,False,False,36,10,15,10,10,10,10,25,25,25,10,25,25,25,https://cdn.muthead.com/media/20/assets/vets-00050728.png,42,Sendejo,50728,2570,2019-10-25T14:36:45.599121Z,34,PHI,False,17,10-01-2020,Zone (FS/SS),False
Logan Ryan,CB,NFL Playoffs,91,71,195,87,91,90,86,56,60,72,53,60,50,59,62,35,35,56,84,93,59,85,62,47,72,85,82,67,86,85,85,35,False,True,,False,1.0,3.0,True,False,False,False,52,10,40,13,20,30,10,25,25,25,35,25,25,25,https://cdn.muthead.com/media/20/assets/nflp-00053040.png,26,Ryan,53040,6840,2020-01-04T15:36:45.621502Z,36,TEN,False,24,10-01-2020,Slot (CB),False
Marcus Williams,FS,Team of the Week,88,73,195,87,88,85,91,65,68,76,59,65,54,53,66,35,32,54,95,91,56,82,62,38,78,75,76,81,91,64,85,30,False,True,1.0,False,1.0,3.0,True,False,False,False,56,10,39,10,10,14,10,25,25,25,10,25,25,25,https://cdn.muthead.com/media/20/assets/totw-00056169.png,43,Williams,56169,2570,2019-11-19T19:07:36.386984Z,34,NO,False,21,10-01-2020,Run Support (FS/SS),False
Patrick Surtain,CB,Legends,89,71,195,86,86,86,89,70,60,69,63,67,43,71,80,23,26,37,82,87,49,87,47,52,60,89,83,59,89,86,72,31,False,True,1.0,False,1.0,2.0,False,False,False,False,59,22,40,20,23,28,15,45,45,45,15,45,45,45,https://cdn.muthead.com/media/20/assets/lgnd-00052255.png,23,Surtain,52255,3570,2019-11-16T16:45:07.301257Z,33,MIA,True,1,10-01-2020,Man-to-Man (CB),False
Joe Haden,CB,Flashbacks,88,71,195,83,85,85,90,50,61,76,50,68,70,71,75,10,25,48,88,93,15,83,42,43,53,86,84,69,90,88,67,50,False,True,,False,2.0,3.0,False,False,False,False,72,10,65,10,10,10,10,25,25,25,15,25,25,25,https://cdn.muthead.com/media/20/assets/flsh-00050912.png,23,Haden,50912,2570,2019-08-26T14:36:28.987595Z,32,CLE,True,1,10-01-2020,Man-to-Man (CB),False
Jalen Ramsey,CB,MUT Heroes,91,73,208,88,88,85,87,61,64,65,48,57,68,59,68,35,32,51,89,86,73,86,43,33,66,92,90,75,87,92,69,27,True,True,1.0,False,1.0,3.0,True,False,False,False,62,24,58,10,14,26,10,24,11,23,17,24,10,23,https://cdn.muthead.com/media/20/assets/hero-00051379.png,20,Ramsey,51379,6840,2019-10-04T14:36:38.355697Z,44,JAX,True,1,10-01-2020,Man-to-Man (CB),False
Quinton Dunbar,CB,Signature Series,92,74,197,90,93,86,91,49,63,77,66,68,62,56,62,27,26,45,84,89,74,77,45,32,58,89,84,37,91,90,70,30,False,False,1.0,False,1.0,3.0,False,False,False,False,53,10,52,43,50,58,10,25,25,25,15,25,25,25,https://cdn.muthead.com/media/20/assets/sigs-00051026.png,23,Dunbar,51026,250000,2019-11-07T15:58:04.743543Z,41,WAS,True,1,10-01-2020,Man-to-Man (CB),False
Merton Hanks,FS,Theme Diamonds,88,74,181,84,84,85,87,68,60,70,60,66,56,54,63,28,31,43,85,89,63,70,50,37,75,78,87,59,87,70,84,20,False,True,1.0,False,1.0,2.0,False,False,False,False,69,26,51,10,10,10,12,45,45,45,12,45,45,45,https://cdn.muthead.com/media/20/assets/diam-00050115.png,36,Hanks,50115,2570,2019-08-16T14:36:34.812547Z,30,SF,True,17,10-01-2020,Zone (FS/SS),False
Nickell Robey-Coleman,CB,Zero Chill,90,68,178,88,90,89,91,48,50,72,53,71,67,64,71,15,11,49,94,89,71,84,56,38,60,83,86,44,91,80,78,27,False,True,1.0,False,1.0,3.0,True,False,False,False,65,10,57,10,10,10,10,25,25,25,10,25,25,25,https://cdn.muthead.com/media/20/assets/zero-00052541.png,23,Robey-Coleman,52541,4940,2019-12-30T15:36:42.967373Z,36,LAR,True,24,10-01-2020,Slot (CB),False
Brian Dawkins,FS,Legends,89,72,210,83,81,81,89,70,69,70,55,67,65,82,84,55,25,64,80,85,44,96,67,66,83,73,88,89,89,75,86,54,True,True,1.0,True,1.0,3.0,True,False,False,False,72,20,65,15,0,15,25,25,45,25,25,25,45,25,https://cdn.muthead.com/media/20/assets/lgnd-00052124.png,20,Dawkins,52124,3570,2019-09-07T14:36:27.359358Z,39,PHI,True,17,10-01-2020,Zone (FS/SS),False
Troy Polamalu,SS,Series Redux,93,70,207,90,92,90,93,69,73,76,60,78,74,63,82,53,64,68,92,93,60,95,66,63,88,79,91,83,93,71,92,52,True,True,1.0,True,1.0,3.0,True,False,True,False,79,31,77,18,25,31,26,35,35,35,24,35,35,35,https://cdn.muthead.com/media/20/assets/lgnd-00052220.png,43,Polamalu,99952220,13100,2019-12-13T16:37:36.614258Z,52,PIT,True,2,10-01-2020,Hybrid (FS/SS),False
Charles Tillman,CB,Legends,92,74,210,87,85,85,91,64,67,72,62,69,39,69,76,43,44,49,87,91,54,93,60,52,73,89,90,71,91,86,85,42,False,True,1.0,False,1.0,2.0,True,False,False,False,88,24,44,15,20,25,18,45,45,45,20,45,45,45,https://cdn.muthead.com/media/20/assets/lgnd-00052291.png,33,Tillman,52291,9470,2019-12-28T15:36:43.421904Z,42,CHI,True,24,10-01-2020,Slot (CB),False
A.J. Bouye,CB,Harvest,92,72,191,88,93,90,91,55,65,69,52,60,57,64,67,29,25,52,90,90,63,72,57,38,59,89,89,47,91,91,78,35,True,True,,False,1.0,3.0,True,False,False,False,64,10,47,10,10,10,10,25,25,25,15,25,25,25,https://cdn.muthead.com/media/20/assets/harv-00051709.png,21,Bouye,51709,2368,2019-11-21T15:36:45.372345Z,42,JAX,True,1,10-01-2020,Man-to-Man (CB),False
DeAndre Baker,CB,Ghosts of Madden - Future,93,71,180,90,91,88,91,48,62,75,52,69,52,50,58,23,23,54,84,91,51,82,57,49,70,92,85,60,91,95,76,44,False,True,1.0,False,1.0,2.0,False,False,False,False,54,10,42,10,10,14,10,24,24,23,11,24,23,23,https://cdn.muthead.com/media/20/assets/zero-00052618.png,27,Baker,52618,13100,2020-01-01T15:36:46.457034Z,45,NYG,False,1,10-01-2020,Man-to-Man (CB),False
Byron Jones,CB,Journey,91,72,199,88,90,92,88,49,67,58,35,56,55,64,66,29,25,55,94,87,60,83,44,38,62,85,92,55,88,92,68,29,False,True,1.0,False,1.0,3.0,False,False,False,False,44,10,40,10,10,17,10,25,25,25,31,25,25,25,https://cdn.muthead.com/media/20/assets/jrny-00050402.png,31,Jones,50402,1710,2019-11-01T14:36:46.255549Z,44,DAL,True,37,10-01-2020,Zone (CB),False
Willie Brown,CB,NFL 100,94,73,195,92,90,90,91,62,70,79,70,68,77,45,75,30,22,56,90,92,67,72,58,49,69,93,92,78,91,92,79,49,True,True,1.0,False,1.0,3.0,True,False,False,False,66,20,77,15,15,15,45,45,45,45,15,45,45,45,https://cdn.muthead.com/media/20/assets/nfl1-00051925.png,24,Brown,51925,18200,2019-12-07T02:20:53.334812Z,999,OAK,True,24,10-01-2020,Slot (CB),False
Malik Hooker,FS,MUT Heroes,90,73,212,87,89,86,91,58,74,73,57,69,53,50,59,37,36,56,90,90,45,77,51,35,75,79,88,83,91,61,75,31,False,True,1.0,False,2.0,3.0,False,False,False,False,63,10,38,10,10,16,10,23,10,24,12,23,10,24,https://cdn.muthead.com/media/20/assets/hero-00051378.png,29,Hooker,51378,4940,2019-10-04T14:36:38.355909Z,39,IND,True,17,10-01-2020,Zone (FS/SS),False
Eddie Jackson,FS,Signature Series,90,72,201,83,85,81,93,64,58,74,69,67,62,55,66,37,38,48,79,84,78,64,52,35,72,81,93,79,93,76,86,26,True,True,1.0,False,1.0,3.0,False,False,False,False,70,10,47,27,32,42,10,25,28,25,39,25,25,25,https://cdn.muthead.com/media/20/assets/sigs-00051002.png,39,Jackson,51002,250000,2019-08-15T14:36:30.155615Z,41,CHI,True,17,10-01-2020,Zone (FS/SS),False
Bryce Callahan,CB,Blitz,90,69,188,91,90,85,90,51,65,67,46,68,62,63,68,23,17,43,94,85,63,81,60,30,59,86,84,45,90,74,80,31,False,False,1.0,False,1.0,2.0,False,False,False,False,55,10,52,10,10,20,10,25,25,25,30,25,25,25,https://cdn.muthead.com/media/20/assets/bltz-00051814.png,29,Callahan,51814,4940,2019-11-29T01:19:02.429446Z,41,DEN,False,24,10-01-2020,Slot (CB),False
Marcus Peters,CB,Flashbacks,89,72,197,87,87,88,88,58,68,79,71,72,66,56,67,20,15,55,86,84,43,82,51,40,59,88,78,61,88,82,79,43,False,False,,False,2.0,3.0,True,False,False,False,65,10,56,10,10,14,10,25,25,25,15,25,25,25,https://cdn.muthead.com/media/20/assets/flsh-00050920.png,22,Peters,50920,3570,2019-09-23T14:36:42.023134Z,33,KC,False,1,10-01-2020,Man-to-Man (CB),False
Marlon Humphrey,CB,Team of the Week,91,72,197,91,92,87,88,52,73,68,52,60,56,51,66,26,19,58,85,93,63,79,46,40,69,87,82,80,88,87,65,31,False,True,1.0,False,1.0,3.0,True,False,False,False,58,10,46,10,10,10,10,25,25,25,10,25,25,25,https://cdn.muthead.com/media/20/assets/totw-00056137.png,44,Humphrey,56137,6840,2019-11-05T19:10:08.510886Z,42,BAL,True,1,10-01-2020,Man-to-Man (CB),False
