name,program,position,OVR,SPD,AGI,JMP,ACC,AWR,HT,WT,STR,BKS,FNM,PWM,POW,IMP,TAK,ZCV,MCV,PUR,PRS,PRC
Stephon Gilmore,NFL Playoffs,CB,95,90,93,90,93,94,73,202,61,50,40,56,66,52,59,90,97,72,95,94
Kareem Jackson,Flashbacks,CB,91,87,84,88,88,94,70,185,59,62,35,46,77,48,67,86,84,83,85,94
Tim Jernigan,NFL Playoffs,DT,89,70,67,74,81,88,74,295,85,85,62,82,76,90,86,45,35,87,14,88
Julius Peppers,Madden Ultimate Team 10,LE,92,84,86,88,88,87,79,295,87,84,92,85,84,82,82,61,48,88,41,87
Nick Bosa,Team of the Week,RE,91,79,86,81,91,84,76,266,84,83,86,81,89,87,88,37,23,86,24,84
Troy Polamalu,Madden Ultimate Team 10,SS,93,90,90,92,92,93,70,207,73,66,63,52,83,68,88,91,79,92,71,93
Aaron Donald,Series Redux,RE,92,78,77,73,85,91,73,280,93,90,89,92,78,87,85,21,17,90,12,91
Darnell Dockett,Legends,DT,91,71,69,66,76,90,76,290,86,90,77,90,79,87,88,33,21,85,14,90
Roquan Smith,Harvest,MLB,92,88,87,80,90,86,73,225,81,76,62,70,92,87,91,83,74,92,55,86
Eddie Jackson,Series Redux,FS,90,83,81,79,85,93,72,201,58,52,35,26,79,48,72,93,81,86,76,93
Ezekiel Ansah,Heavyweights,RE,90,81,78,82,85,85,77,275,81,79,79,89,93,90,89,40,28,92,40,85
Pierre Desir,Team of the Week,CB,89,88,89,90,93,88,73,198,60,50,40,30,50,47,67,83,77,72,80,88
Bobby Wagner,MUT Heroes,MLB,91,83,80,87,84,91,72,245,76,83,48,59,91,84,92,78,67,91,35,91
Patrick Peterson,Team of the Week,CB,91,89,92,92,89,87,73,203,68,38,56,46,66,50,55,87,90,63,90,87
Ted Hendricks,Legends,LOLB,90,81,78,77,83,89,79,220,82,88,72,79,84,83,87,69,57,86,44,89
Willie Brown,Legends,CB,88,83,81,81,81,88,73,195,61,52,42,42,71,48,65,88,90,74,87,88
Mel Blount,Legends,CB,89,85,86,88,86,87,75,205,68,53,40,45,77,50,66,85,86,74,88,87
DeForest Buckner,MUT Heroes,DT,90,70,81,77,80,87,79,300,83,84,91,81,87,87,86,36,27,86,16,87
Jabrill Peppers,Most Feared,SS,88,86,85,82,89,90,71,213,69,57,40,33,87,60,81,78,79,79,68,90
Deion Jones,MUT Heroes,MLB,90,86,84,81,87,86,73,222,69,64,52,45,81,80,87,84,76,87,46,86
Josh Allen,Blitz,LE,91,85,82,80,87,87,77,262,81,80,86,73,89,89,87,61,53,90,57,87
Bryce Callahan,Series Redux,CB,90,91,85,94,90,90,69,188,65,60,30,31,45,43,59,84,86,80,74,90
Ty Law,Legends,CB,92,89,89,87,89,90,71,200,65,48,34,38,61,50,68,89,89,77,90,90
Landon Collins,Flashbacks,SS,89,85,80,82,87,90,72,218,72,63,57,42,95,68,82,79,72,88,78,90
Calais Campbell,Heavyweights,LE,88,67,74,79,77,89,80,300,86,88,83,82,78,81,87,19,12,82,27,89
Stephon Gilmore,MUT20 Launch Promo,CB,90,85,88,84,88,89,73,202,56,46,36,52,62,48,55,83,92,68,88,89
Justin Houston,Heavyweights,RE,88,78,78,72,82,90,75,258,80,83,75,86,88,86,85,61,51,84,19,90
Cameron Heyward,Zero Chill,RE,92,71,70,64,79,96,77,295,92,90,68,92,90,90,91,27,20,86,16,96
Xavier Rhodes,Gauntlet II,CB,92,90,86,95,89,90,73,218,71,60,62,53,71,58,59,87,90,83,95,90
Micah Hyde,Harvest,FS,91,85,87,80,86,94,72,197,56,51,45,32,44,53,75,92,82,83,83,94
John Henderson,Theme Diamonds,DT,89,60,55,53,70,87,79,335,90,88,55,85,84,87,87,19,11,79,10,87
Jessie Tuggle,Legends,MLB,90,83,82,79,83,88,71,232,83,88,55,60,88,86,91,65,55,89,38,88
Aqib Talib,Flashbacks,CB,90,84,88,93,88,89,73,205,67,58,52,42,64,54,58,84,90,74,89,89
DeMarcus Lawrence,MUT20 Launch Promo,LE,89,75,77,78,83,88,75,265,81,85,92,85,79,81,81,43,32,85,37,88
Jaire Alexander,Ghosts of Madden - Present,CB,94,93,94,85,93,91,70,196,60,54,36,24,61,57,61,88,93,79,94,91
Kevin Byard,Harvest,FS,88,85,85,84,83,86,71,212,69,62,47,41,75,54,72,89,74,83,61,86
Charles Tillman,Legends,CB,88,85,83,85,83,86,74,210,64,57,49,39,68,46,69,84,84,79,80,86
Justin Reid,Ultimate Kickoff,FS,93,91,90,86,90,91,73,202,65,62,46,39,81,66,82,90,83,89,74,91
Lavonte David,Signature Series,MLB,92,83,84,85,87,90,73,233,74,87,58,52,85,85,91,80,72,92,52,90
Michael Bennett,Team of the Week,LE,88,70,73,65,81,84,76,274,88,85,73,88,78,90,87,30,20,87,30,84
Patrick Willis,Series Redux,MLB,91,86,86,86,86,88,73,242,84,86,68,63,90,86,89,74,65,90,58,88
Margus Hunt,Blitz,DT,88,82,75,82,85,85,80,295,84,82,68,84,81,85,79,25,21,87,30,85
Damarious Randall,Signature Series,FS,92,88,89,86,89,90,71,196,67,60,52,38,65,51,76,92,83,90,81,90
Aaron Donald,Core Set Elite,RE,88,74,73,69,81,88,73,280,89,86,85,88,74,83,81,19,15,87,10,88
Jurrell Casey,Series Redux,RE,91,69,68,63,78,94,73,305,90,86,74,92,88,88,92,23,17,85,15,94
Carlos Dunlap,Team of the Week,LE,88,80,80,82,84,89,78,280,77,80,85,60,73,84,82,47,34,84,14,89
Lawrence Taylor,Legends,ROLB,90,84,82,78,87,84,75,237,85,85,87,89,86,86,85,43,55,89,40,84
Donte Jackson,Blitz,CB,92,94,94,90,90,88,70,180,48,44,32,21,61,44,53,85,91,71,85,88
Sean Lee,Flashbacks,LOLB,90,80,79,73,85,95,74,238,74,81,50,56,85,86,87,75,71,88,50,95
Khalil Mack,Ultimate Kickoff,LOLB,91,82,83,89,84,92,75,252,84,86,85,90,82,83,85,52,42,88,40,92
Willie Brown,Legends,CB,90,87,85,85,85,88,73,195,66,53,44,44,73,50,66,89,90,75,88,88
Ryan Kerrigan,Harvest,LOLB,92,77,76,66,83,93,76,259,83,82,84,91,88,87,90,54,46,89,15,93
Telvin Smith,Signature Series,ROLB,91,85,86,75,87,88,75,215,61,84,53,44,84,84,87,80,76,93,51,88
Demario Davis,NFL Playoffs,ROLB,93,85,80,86,88,95,74,248,84,84,61,54,91,85,89,74,69,91,36,95
Jurrell Casey,Signature Series,RE,91,69,68,63,78,94,73,305,90,86,74,92,88,88,92,23,17,85,15,94
Cameron Jordan,Zero Chill,LE,94,78,80,76,85,96,76,287,91,91,74,94,86,92,89,37,27,91,15,96
Justin Simmons,Series Redux,FS,93,88,96,93,91,94,74,202,66,74,36,32,86,55,84,81,82,94,68,94
Telvin Smith,Series Redux,ROLB,91,85,86,75,87,88,75,215,61,84,53,44,84,84,87,80,76,93,51,88
Patrick Willis,Ghosts of Madden - Past,MLB,96,91,91,91,91,93,73,242,89,90,73,68,94,91,93,79,70,95,62,93
Javon Hargrave,Football Outsiders,DT,89,73,68,80,83,89,74,305,86,75,87,67,82,85,84,22,16,86,14,89
Fabian Moreau,Team of the Week,CB,93,93,88,90,92,89,72,198,70,51,41,34,76,52,72,91,88,70,94,89
Kyle Van Noy,NFL Playoffs,LOLB,89,81,81,81,88,90,75,250,72,77,67,82,77,85,88,72,61,85,59,90
Devin McCourty,Master ,FS,94,89,89,91,89,96,70,195,61,63,43,33,68,65,77,94,90,87,86,96
Bradley Chubb,Blitz,ROLB,93,86,80,88,89,90,76,269,93,91,90,85,92,92,89,53,49,91,23,90
John Randle,Ghosts of Madden - Past,DT,95,80,75,73,89,91,73,290,90,91,95,90,87,86,88,41,31,94,31,91
Darnell Savage Jr,NFL Playoffs,FS,91,93,88,92,91,86,71,198,59,63,57,38,93,63,82,85,84,91,72,86
Kenny Clark,Team of the Week,DT,92,69,64,75,82,91,75,314,94,92,67,85,79,86,83,34,29,81,15,91
Ty Law,Legends,CB,88,84,84,82,84,88,71,200,61,46,30,34,57,46,65,85,86,74,86,88
De'Vondre Campbell,Series Redux,ROLB,93,86,87,84,88,90,76,232,75,70,66,53,88,85,96,82,70,91,43,90
Night Train Lane,Harvest,CB,94,91,92,93,91,89,73,194,76,64,61,55,91,66,74,93,88,80,90,89
Ray Lewis,Most Feared,MLB,93,87,83,77,87,92,73,250,87,89,65,72,92,89,92,68,55,91,53,92
Damarious Randall,Series Redux,FS,92,88,89,86,89,90,71,196,67,60,52,38,65,51,76,92,83,90,81,90
Da'Ron Payne,MUT Heroes,DT,90,73,62,68,83,87,75,319,92,84,58,78,80,88,85,24,18,84,14,87
Melvin Ingram III,MUT Heroes,RE,91,78,82,82,84,89,74,247,80,80,94,81,81,86,83,44,42,87,14,89
Everson Griffen,Signature Series,RE,91,80,76,69,83,91,75,273,84,85,82,91,84,87,89,27,22,90,16,91
Desmond Trufant,Series Redux,CB,90,87,91,87,88,86,72,190,57,51,35,25,38,54,70,88,89,76,89,86
Bradley Chubb,Series Redux,ROLB,93,86,80,88,89,90,76,269,93,91,90,85,92,92,89,53,49,91,23,90
Shaun Phillips,Theme Diamonds,LOLB,89,79,78,73,84,88,75,255,74,80,88,81,78,76,86,64,54,86,35,88
Keith Bulluck,Legends,ROLB,90,82,81,80,83,89,75,235,69,83,59,52,78,79,87,81,83,85,56,89
D.J. Swearinger Sr,Veterans,SS,88,84,88,86,88,89,70,205,65,56,50,59,93,66,73,85,77,84,79,89
Mario Addison,Heavyweights,RE,91,78,81,73,84,88,75,260,75,76,92,77,82,90,88,47,35,89,21,88
Darius Leonard,Ultimate Kickoff,LOLB,90,81,78,86,82,90,74,221,70,85,67,56,80,73,93,69,64,90,38,90
Melvin Ingram III,Ultimate Kickoff,RE,88,78,82,82,84,84,74,247,80,76,90,77,78,83,79,42,40,83,13,84
Arik Armstead,Zero Chill,DT,92,74,73,85,83,87,79,292,89,88,74,90,84,93,90,36,28,85,32,87
Kevin Greene,Legends,LOLB,89,78,72,69,80,87,75,239,83,78,91,84,86,83,86,55,51,89,32,87
Zach Cunningham,NFL Playoffs,MLB,89,83,85,84,89,89,75,237,77,84,61,50,81,74,88,66,61,88,46,89
Cameron Jordan,Signature Series,LE,90,74,76,72,81,93,76,287,87,86,68,90,82,88,85,34,24,87,13,93
Denzel Ward,Most Feared,CB,92,92,92,89,92,86,71,190,58,46,28,21,66,47,52,84,92,69,90,86
Nick Bosa,Ghosts of Madden - Future,RE,94,81,88,83,93,87,76,266,86,87,90,86,92,90,91,39,25,90,26,87
Ken Houston,Legends,SS,89,88,86,87,86,85,75,197,68,58,37,39,86,61,80,86,78,85,66,85
Malcolm Jenkins,Flashbacks,SS,88,80,84,85,85,91,72,204,61,57,47,48,75,52,71,89,75,79,74,91
Brennan Scarlett,Series Redux,LOLB,92,82,76,84,90,87,76,260,81,91,67,82,87,80,90,62,53,94,28,87
Nick Bosa,Rookie Premiere,RE,94,81,88,83,93,87,76,266,86,87,90,86,92,90,91,39,25,90,26,87
Desmond Trufant,Signature Series,CB,90,87,91,87,88,86,72,190,57,51,35,25,38,54,70,88,89,76,89,86
Champ Bailey,Legends,CB,89,85,86,81,87,86,72,192,51,42,50,30,52,42,68,83,91,68,83,86
Darnell Dockett,Legends,DT,89,70,68,65,75,87,76,290,87,87,75,87,77,85,85,31,19,82,13,87
Tre'Davious White,Series Redux,CB,91,88,88,77,90,91,71,192,72,52,34,26,64,56,70,87,88,76,92,91
Everson Griffen,Series Redux,RE,91,80,76,69,83,91,75,273,84,85,82,91,84,87,89,27,22,90,16,91
Chandler Jones,Series Redux,ROLB,91,76,78,83,83,91,77,265,80,78,75,90,83,87,90,52,47,89,28,91
Damon Harrison Sr,Series Redux,DT,90,57,59,68,71,92,75,353,89,90,62,76,71,89,86,34,27,84,17,92
Demario Davis,Flashbacks,ROLB,90,82,77,83,85,93,74,248,81,81,58,51,88,82,85,71,66,88,34,93
Chris Harris Jr,MUT Heroes,CB,91,87,93,87,86,91,70,199,55,69,29,26,54,51,59,85,91,82,83,91
Terrell Suggs,Gauntlet II,LOLB,92,77,74,80,82,93,75,265,88,85,70,90,87,85,86,64,55,90,42,93
Anthony Barr,Most Feared,LOLB,90,84,86,81,85,89,77,255,73,83,53,60,88,86,89,74,64,88,31,89
Malcolm Jenkins,NFL Playoffs,SS,93,85,88,89,89,96,72,204,65,62,52,53,80,56,77,94,80,84,79,96
Jadeveon Clowney,MUT Heroes,ROLB,92,85,85,87,88,91,77,255,82,87,80,90,83,88,84,53,45,94,28,91
Calvin Johnson,Madden Ultimate Team 10,FS,92,88,87,92,87,89,77,236,74,66,49,45,84,66,83,91,77,86,70,89
Ronnie Lott,NFL 100,FS,94,90,92,90,92,89,72,203,74,79,64,66,95,70,89,92,83,90,84,89
Preston Smith,Flashbacks,ROLB,91,81,80,82,88,86,77,265,80,77,73,90,86,80,86,63,56,88,38,86
Leonard Williams,Heavyweights,LE,91,72,72,76,82,90,77,302,89,88,81,91,86,89,91,26,20,90,16,90
Everson Griffen,Ultimate Kickoff,RE,93,82,78,71,85,94,75,273,86,87,82,92,84,91,92,31,24,91,19,94
Zach Brown,Veterans,MLB,89,84,82,84,84,86,73,251,74,87,62,57,89,84,90,64,56,91,52,86
John Randle,Legends,DT,91,75,70,69,85,88,73,290,85,87,91,86,82,82,85,37,27,90,27,88
Rob Ninkovich,Theme Diamonds,LE,89,75,77,65,80,89,74,260,86,84,74,87,85,81,88,69,55,85,45,89
Charles Tillman,Legends,CB,94,92,90,92,90,91,74,210,71,62,54,44,73,51,73,91,89,85,87,91
Rod Woodson,NFL 100,CB,94,92,94,90,93,90,72,205,71,59,60,53,76,53,70,90,92,79,85,90
Casey Hayward Jr,Most Feared,CB,88,84,87,81,86,86,71,192,64,48,37,30,44,46,57,86,89,64,86,86
Jerry Hughes,Heavyweights,RE,88,78,77,81,83,87,74,254,72,88,90,70,68,78,80,42,37,89,39,87
Derwin James,Gauntlet I,SS,89,87,86,90,89,87,74,215,75,62,56,62,89,70,76,81,82,81,81,87
Champ Bailey,NFL Playoffs,CB,96,94,95,90,94,92,72,192,59,48,56,36,58,48,75,91,96,77,90,92
Kendall Fuller,Ultimate Kickoff,CB,93,89,89,86,91,92,71,198,66,63,35,28,57,49,70,86,91,79,82,92
Patrick Ricard,Out of Position,DT,93,71,74,78,80,88,75,311,94,93,68,86,86,93,84,52,47,90,29,88
Michael Strahan,Ghosts of Madden - Past,LE,95,81,79,71,88,93,77,255,92,92,91,96,88,91,91,45,30,92,36,93
Leighton Vander Esch,Ultimate Kickoff,ROLB,91,83,86,89,88,88,76,256,75,82,49,60,89,79,89,77,71,92,40,88
Desmond Trufant,Series Redux,CB,90,87,91,87,88,86,72,190,57,51,35,25,38,54,70,88,89,76,89,86
Luke Kuechly,MUT20 Launch Promo,MLB,90,79,76,83,82,92,75,238,76,83,48,57,87,84,90,77,65,91,46,92
Trey Flowers,Flashbacks,RE,89,74,74,82,85,89,74,265,84,84,75,90,74,89,86,24,20,85,19,89
Tyrann Mathieu,Flashbacks,SS,90,87,89,83,89,88,69,186,59,56,65,37,82,56,76,83,85,85,87,88
J.J. Watt,MUT Heroes,LE,91,73,80,82,78,92,77,288,92,84,87,88,82,88,91,21,15,88,12,92
Derrick Brooks,Legends,ROLB,88,76,75,66,77,89,72,235,64,69,43,37,77,72,89,81,75,85,47,89
Deion Jones,Team of the Week,MLB,93,89,87,84,90,89,73,222,72,67,55,48,84,82,90,87,79,90,48,89
Montez Sweat,Blitz,ROLB,88,89,80,85,91,84,78,260,78,79,83,73,87,88,87,35,26,89,17,84
Leighton Vander Esch,Ghosts of Madden - Present,ROLB,94,86,89,92,91,91,76,256,78,85,54,65,82,83,93,79,72,95,45,91
Leonard Williams,Ultimate Kickoff,LE,90,69,69,73,79,91,77,302,86,86,80,91,86,88,91,25,18,89,15,91
Justin Simmons,Signature Series,FS,93,88,96,93,91,94,74,202,66,74,36,32,86,55,84,81,82,94,68,94
Grady Jarrett,Ultimate Kickoff,DT,90,67,68,77,81,92,72,305,86,89,66,84,83,85,83,23,19,82,14,92
Johnathan Joseph,NFL Playoffs,CB,91,89,86,89,88,92,71,185,61,41,39,18,42,54,60,85,90,67,85,92
Montez Sweat,Series Redux,ROLB,88,89,80,85,91,84,78,260,78,79,83,73,87,88,87,35,26,89,17,84
Willie Lanier,Legends,MLB,91,83,82,78,83,90,73,245,82,92,47,60,92,82,88,78,66,89,47,90
Khalil Mack,Ghosts of Madden - Present,LOLB,95,87,87,93,88,95,75,252,88,91,90,94,87,89,89,55,45,92,42,95
Jimmy Smith,Ultimate Kickoff,CB,93,87,88,87,89,92,74,210,75,42,54,59,71,56,74,87,93,63,97,92
Keanu Neal,Most Feared,SS,90,83,83,85,84,92,73,216,72,65,50,42,95,67,77,85,79,92,79,92
Ed Reed,NFL 100,SS,94,93,93,90,93,91,71,200,69,62,63,46,88,68,80,93,82,86,81,91
De'Vondre Campbell,Team of the Week,ROLB,93,86,87,84,88,90,76,232,75,70,66,53,88,85,96,82,70,91,43,90
Jamal Adams,Out of Position,ROLB,91,83,81,72,82,82,73,213,80,89,80,92,92,86,81,80,76,90,58,82
Justin Reid,Series Redux,FS,92,91,90,86,90,89,73,202,65,61,45,38,80,66,79,90,82,87,72,89
Bradley Chubb,Team of the Week,ROLB,89,82,76,84,85,87,76,269,89,87,84,80,88,89,85,50,46,87,21,87
Richard Sherman,Zero Chill,CB,95,89,95,97,89,97,75,195,79,51,51,31,71,55,69,97,92,78,96,97
Chris Jones,Heavyweights,DT,91,69,72,70,83,89,78,308,89,82,82,90,80,87,85,24,18,87,14,89
Mel Renfro,Theme Diamonds,CB,89,86,88,88,87,86,72,190,64,51,53,38,71,51,63,87,86,82,75,86
Brandon Carr,Signature Series,CB,93,88,86,88,92,93,72,210,57,57,36,25,52,54,73,87,90,81,97,93
Richard Sherman,Ultimate Kickoff,CB,91,84,91,94,85,93,75,195,75,47,48,28,66,52,63,94,87,74,92,93
Sheldon Rankins,Heavyweights,DT,89,68,75,80,80,89,74,305,86,75,80,86,81,85,86,34,23,84,14,89
Fred Warner,Team of the Week,ROLB,93,87,88,94,92,87,75,236,77,84,65,57,92,87,90,82,75,94,56,87
Brian Urlacher,Legends,MLB,91,85,84,85,85,90,76,258,82,84,62,68,86,82,90,85,68,90,60,90
Ted Hendricks,Legends,LOLB,88,76,73,72,78,89,79,220,78,87,69,76,83,80,86,67,56,85,41,89
Trumaine Johnson,Flashbacks,CB,91,87,88,87,87,91,74,213,69,51,56,42,77,53,74,91,86,80,89,91
Trae Waynes,Series Redux,CB,89,93,85,87,91,84,72,190,66,59,36,44,40,44,51,80,83,83,88,84
Mike Daniels,Zero Chill,RE,88,72,71,81,80,88,72,310,91,87,80,70,70,88,86,23,16,84,13,88
Blake Martinez,Ultimate Kickoff,MLB,93,81,83,76,86,94,74,237,78,91,61,57,87,82,93,70,62,96,52,94
Jerome Baker,Series Redux,LOLB,89,88,84,86,88,84,74,215,72,81,60,49,81,75,88,70,66,90,43,84
John Henderson,Legends,DT,88,58,53,51,68,87,79,335,89,87,54,84,83,87,86,19,11,78,10,87
Kevin Byard,NFL Playoffs,FS,95,90,90,89,88,94,71,212,74,68,54,48,82,59,80,97,82,91,67,94
Emmanuel Ogbah,Heavyweights,LE,89,83,77,84,86,90,76,275,77,78,71,84,91,88,89,48,36,91,17,90
Willie Lanier,Series Redux,MLB,91,83,82,78,83,90,73,245,82,92,47,60,92,82,88,78,66,89,47,90
Alan Page,NFL 100,DT,94,82,76,89,87,91,76,245,89,89,91,86,89,88,89,49,39,92,48,91
Dwight Freeney,Legends,RE,94,86,85,82,91,90,73,268,82,84,94,78,81,84,85,53,40,91,26,90
Patrick Willis,Madden Ultimate Team 10,MLB,91,86,86,86,86,88,73,242,84,86,68,63,90,86,89,74,65,90,58,88
Janoris Jenkins,Veterans,CB,89,88,92,85,91,85,70,190,52,51,52,30,52,44,61,80,85,73,86,85
Desmond King II,Team of the Week,CB,90,86,92,81,88,91,70,201,70,59,35,26,66,48,57,90,86,83,81,91
Von Miller,Master ,LOLB,91,81,84,77,83,93,75,250,78,87,83,90,83,82,87,50,40,90,55,93
Mike Evans,Out of Position,CB,93,90,87,96,92,83,77,231,77,46,43,40,62,68,75,92,96,67,88,83
Jamie Collins Sr,Series Redux,LOLB,91,84,83,91,87,92,75,250,72,68,59,69,88,90,86,80,72,91,46,92
Eric Rowe,Team of the Week,CB,89,90,90,91,90,83,73,205,74,47,57,39,70,51,72,80,83,70,90,83
Deion Sanders,Madden Ultimate Team 10,CB,92,92,92,89,92,89,72,185,45,36,30,21,45,36,53,90,92,67,77,89
Earl Thomas III,Most Feared,FS,92,86,90,89,88,93,70,202,64,51,39,49,85,65,77,94,80,76,76,93
Darius Slay Jr,Team of the Week,CB,90,89,88,84,88,89,72,190,55,52,44,35,69,51,62,91,85,73,85,89
Jaylon Smith,Series Redux,MLB,91,87,86,86,91,87,74,240,73,76,72,64,92,81,85,84,74,91,51,87
Wesley Woodyard,Veterans,MLB,88,80,77,76,85,91,72,233,63,88,61,49,86,86,93,56,47,91,45,91
Dee Ford,NFL Playoffs,LE,95,86,88,86,87,91,74,252,85,74,96,90,83,84,88,65,54,91,18,91
Jessie Tuggle,Legends,MLB,88,81,80,77,81,86,71,232,80,86,54,59,86,85,89,64,54,87,37,86
Dwight Freeney,Legends,RE,92,82,81,78,87,90,73,268,77,82,93,76,79,82,85,51,38,90,24,90
Matthew Judon,NFL Playoffs,LOLB,93,81,80,80,87,87,75,263,86,68,78,91,88,74,91,76,69,85,20,87
Josh Allen,Series Redux,LE,91,85,82,80,87,87,77,262,81,80,86,73,89,89,87,61,53,90,57,87
Ed Too Tall Jones,Legends,LE,88,71,71,79,77,86,81,271,87,88,79,85,83,88,86,59,40,86,28,86
Harrison Smith,MUT20 Launch Promo,SS,89,81,86,79,85,92,74,214,67,66,42,58,87,61,81,89,79,88,79,92
Michael Pierce,Heavyweights,DT,89,68,64,70,82,89,72,339,92,87,57,77,72,87,79,19,13,78,12,89
Joey Bosa,Harvest,LE,92,80,86,77,86,91,77,280,86,79,96,88,83,90,78,32,21,84,18,91
Deacon Jones,NFL 100,RE,94,78,80,74,86,93,77,272,91,91,86,92,92,90,92,38,28,93,33,93
Deion Sanders,Series Redux,CB,92,92,92,89,92,89,72,185,45,36,30,21,45,36,53,90,92,67,77,89
Khalil Mack,Core Set Elite,LOLB,88,78,79,85,80,89,75,252,80,83,82,88,79,80,83,49,40,85,38,89
Vita Vea,Team of the Week,DT,92,68,72,69,80,84,76,347,96,87,59,83,94,96,86,26,20,88,17,84
Lawrence Taylor,NFL 100,ROLB,94,88,86,82,91,87,75,237,89,90,91,92,92,91,90,47,59,93,45,87
Ndamukong Suh,Most Feared,RE,92,68,75,77,79,92,76,313,95,92,70,85,92,94,88,43,26,91,19,92
Harrison Smith,Ghosts of Madden - Present,SS,94,87,91,85,90,96,74,214,72,70,46,62,92,65,86,94,83,93,82,96
Margus Hunt,Series Redux,DT,88,82,75,82,85,85,80,295,84,82,68,84,81,85,79,25,21,87,30,85
Jessie Tuggle,Legends,MLB,92,84,83,80,84,90,71,232,82,91,57,62,90,88,93,67,58,92,40,90
Marcus Peters,Zero Chill,CB,93,90,91,89,90,92,72,197,71,55,43,46,64,58,63,84,93,82,87,92
Sean Taylor,Zero Chill,FS,95,93,93,92,93,89,74,220,76,77,69,62,95,72,88,92,81,92,76,89
Jessie Tuggle,Theme Diamonds,MLB,89,82,80,75,82,87,71,232,82,87,54,59,87,86,89,65,55,89,36,87
Devin White,Team of the Week,MLB,92,90,80,91,89,87,72,237,75,84,70,67,92,86,93,74,64,95,55,87
Reggie White,Legends,LE,90,75,68,68,83,89,77,291,90,90,83,90,86,85,87,33,23,86,26,89
Shaquil Barrett,Football Outsiders,LOLB,91,83,84,74,88,85,74,250,73,88,89,70,88,91,89,66,63,91,36,85
Calais Campbell,Series Redux,LE,93,71,78,83,81,94,80,300,90,93,86,88,85,87,92,22,15,87,29,94
Jordan Hicks,Flashbacks,MLB,91,83,85,87,88,87,73,236,78,61,56,63,85,80,91,83,76,88,57,87
Vonn Bell,NFL Playoffs,SS,89,88,85,82,90,91,71,205,67,53,59,44,82,63,80,82,81,76,60,91
Xavien Howard,MUT Heroes,CB,90,90,86,88,90,88,73,192,63,58,32,28,49,41,61,89,83,82,86,88
Brian Dawkins,Legends,FS,91,87,85,84,85,89,72,210,74,69,68,56,91,66,84,89,75,88,77,89
Charles Tillman,Legends,CB,90,88,86,88,86,87,74,210,66,58,50,40,69,47,70,86,85,81,82,87
Cameron Jordan,Series Redux,LE,90,74,76,72,81,93,76,287,87,86,68,90,82,88,85,34,24,87,13,93
Ed Too Tall Jones,Legends,LE,92,76,76,84,82,88,81,271,91,92,84,90,87,92,90,63,44,90,32,88
Kenny Moore II,Football Outsiders,CB,90,88,89,93,90,90,69,190,59,60,57,44,59,60,61,87,84,78,80,90
Jaylon Smith,Blitz,MLB,91,87,86,86,91,87,74,240,73,76,72,64,92,81,85,84,74,91,51,87
Jason Verrett,Flashbacks,CB,88,87,88,88,88,85,70,188,59,39,36,26,62,50,57,87,83,70,84,85
Jamie Collins Sr,Team of the Week,LOLB,91,84,83,91,87,92,75,250,72,68,59,69,88,90,86,80,72,91,46,92
Calvin Johnson,Out of Position,FS,95,91,90,95,90,92,77,236,77,70,52,48,87,69,86,94,80,89,73,92
Adrian Amos Jr,Harvest,SS,92,91,83,84,90,93,72,214,70,66,44,39,85,60,75,90,80,88,76,93
Gerald McCoy,Team of the Week,DT,91,67,72,80,81,90,76,300,89,85,70,82,83,91,91,28,20,82,15,90
Damon Harrison Sr,Signature Series,DT,90,57,59,68,71,92,75,353,89,90,62,76,71,89,86,34,27,84,17,92
Patrick Surtain,Legends,CB,91,87,87,83,87,91,71,195,59,49,54,33,61,39,62,86,92,74,90,91
Alan Page,Legends,DT,88,74,68,81,79,87,76,245,80,84,88,80,81,83,84,44,34,86,43,87
Chris McAlister,Theme Diamonds,CB,89,84,83,86,86,88,73,206,68,53,40,34,70,49,68,83,87,77,88,88
Eddie Jackson,Series Redux,FS,90,83,81,79,85,93,72,201,58,52,35,26,79,48,72,93,81,86,76,93
Ed Reed,Legends,SS,91,90,90,87,90,87,71,200,66,60,60,43,86,65,78,90,80,83,78,87
Jessie Tuggle,Legends,MLB,94,88,87,84,88,91,71,232,87,92,58,63,92,90,94,69,59,93,42,91
Dwight Freeney,Legends,RE,90,81,80,77,86,88,73,268,78,80,90,74,77,80,82,49,36,88,22,88
Reggie White,Legends,LE,88,71,64,64,79,89,77,291,85,87,80,89,86,83,87,31,21,85,24,89
Kenny Vaccaro,NFL Playoffs,SS,89,85,87,89,88,89,72,214,68,63,65,50,90,63,81,79,74,88,76,89
Howie Long,Legends,RE,89,75,64,74,81,90,77,270,84,89,81,88,84,88,85,26,15,89,13,90
Cameron Wake,Veterans,LOLB,89,80,85,94,87,87,75,263,86,69,76,90,88,88,80,41,35,86,36,87
William Jackson,Series Redux,CB,93,92,87,91,92,91,72,196,58,57,26,25,76,49,57,88,92,76,87,91
Darnell Savage Jr,Rookie Premiere,FS,91,93,88,92,91,86,71,198,59,63,57,38,93,63,82,85,84,91,72,86
Eric Kendricks,Zero Chill,MLB,88,83,80,86,88,91,72,232,74,76,58,48,86,82,85,74,61,87,51,91
Deion Sanders,NFL 100,CB,94,95,95,92,95,90,72,185,48,39,33,24,49,39,56,91,94,70,79,90
Reshad Jones,Ultimate Kickoff,SS,88,82,80,86,85,91,73,214,71,71,54,67,90,66,76,82,76,84,80,91
Tremaine Edmunds,NFL Playoffs,MLB,95,88,88,84,88,91,77,250,78,93,77,65,94,86,96,72,62,97,38,91
Mel Blount,Ghosts of Madden - Past,CB,95,91,91,93,91,93,75,205,74,61,47,52,84,57,73,91,92,80,94,93
Dwight Freeney,Theme Diamonds,RE,88,79,80,76,85,84,73,268,76,78,88,71,76,78,80,47,34,86,20,84
Minkah Fitzpatrick,Team of the Week,FS,91,89,91,82,92,94,73,201,63,59,51,39,84,61,67,88,86,85,78,94
Jarran Reed,NFL Playoffs,DT,89,63,66,77,77,86,75,306,88,76,89,72,81,85,90,21,15,88,14,86
Kevin Greene,Legends,LOLB,91,83,77,74,85,87,75,239,87,80,91,87,88,85,86,56,52,90,34,87
Justin Reid,Blitz,FS,92,91,90,86,90,89,73,202,65,61,45,38,80,66,79,90,82,87,72,89
Bradley Roby,Team of the Week,CB,88,90,89,87,89,83,71,194,59,45,62,44,74,54,54,81,83,68,86,83
Quandre Diggs,Team of the Week,SS,88,86,84,84,86,90,69,200,69,58,32,24,80,50,71,84,82,80,80,90
Julius Peppers,Series Redux,LE,92,84,86,88,88,87,79,295,87,84,92,85,84,82,82,61,48,88,41,87
John Henderson,Legends,DT,90,59,54,52,69,90,79,335,88,90,56,86,86,89,89,20,12,81,11,90
Leonard Floyd,Football Outsiders,ROLB,88,84,83,90,86,81,76,251,73,83,85,78,85,82,88,55,51,88,42,81
Vita Vea,Most Feared,DT,89,65,69,66,77,81,76,347,93,84,56,80,91,93,84,23,17,85,15,81
Devin Bush,Rookie Premiere,MLB,93,91,86,94,92,89,71,234,74,78,66,63,94,78,91,84,75,93,58,89
Budda Baker,Ultimate Kickoff,FS,88,87,89,76,87,89,70,195,70,71,45,36,87,67,78,71,77,90,74,89
Benardrick McKinney,Signature Series,MLB,93,85,81,91,88,96,76,260,78,90,51,61,93,90,93,67,55,96,40,96
Bobby Bell,NFL 100,LOLB,94,85,86,87,89,92,76,228,85,86,83,75,90,86,92,85,77,89,66,92
Dont'a Hightower,MUT Heroes,ROLB,90,79,76,79,84,90,75,265,81,74,60,85,91,91,91,61,53,84,63,90
Chandler Jones,Signature Series,ROLB,91,76,78,83,83,91,77,265,80,78,75,90,83,87,90,52,47,89,28,91
Ed Oliver Jr,Gauntlet I,DT,89,78,82,83,84,81,73,287,86,82,75,81,85,92,87,27,15,88,15,81
Tre'Davious White,Signature Series,CB,91,88,88,77,90,91,71,192,72,52,34,26,64,56,70,87,88,76,92,91
Olivier Vernon,Veterans,RE,88,77,70,82,83,86,74,262,81,82,72,89,73,91,88,52,43,87,13,86
Bruce Smith,Zero Chill,RE,95,81,74,74,89,92,76,262,95,93,90,95,92,91,92,38,24,92,26,92
Derrick Brooks,Legends,ROLB,90,81,80,71,82,89,72,235,68,73,48,41,81,76,90,82,75,86,51,89
Brian Bosworth,Legends,MLB,93,87,85,85,88,91,74,255,88,90,63,70,90,90,92,66,55,91,48,91
Michael Strahan,Legends,LE,89,76,74,66,83,87,77,255,87,86,85,89,80,86,85,39,24,86,31,87
Trae Waynes,Blitz,CB,89,93,85,87,91,84,72,190,66,59,36,44,40,44,51,80,83,83,88,84
J.J. Watt,Ghosts of Madden - Present,LE,95,77,84,86,82,95,77,288,96,89,91,92,87,93,95,24,18,92,14,95
Charles Tillman,Theme Diamonds,CB,88,85,83,85,83,87,74,210,64,56,48,38,68,45,68,86,83,79,81,87
Calvin Johnson,Series Redux,FS,92,88,87,92,87,89,77,236,74,66,49,45,84,66,83,91,77,86,70,89
Derwin James,Zero Chill,SS,93,90,89,93,92,91,74,215,78,65,59,65,93,73,81,86,86,86,85,91
Calais Campbell,Most Feared,LE,93,71,78,83,81,94,80,300,90,93,86,88,85,87,92,22,15,87,29,94
K.J. Wright,Football Outsiders,ROLB,90,78,77,72,82,90,76,246,67,81,49,58,89,87,91,82,74,88,58,90
Howie Long,Legends,RE,91,79,68,78,85,90,77,270,89,90,82,90,85,90,86,27,16,91,14,90
Fletcher Cox,MUT Heroes,DT,91,74,74,68,81,87,76,310,90,80,69,91,76,85,87,30,16,81,12,87
Willie Lanier,NFL 100,MLB,94,87,86,82,87,93,73,245,86,94,50,63,94,86,91,80,68,91,50,93
Avery Williamson,Series Redux,MLB,92,83,79,77,88,94,73,246,77,92,56,63,86,83,91,65,59,95,57,94
Jordan Poyer,Ultimate Kickoff,SS,93,86,87,78,90,91,72,191,65,67,55,47,77,58,80,95,88,94,88,91
Brandon Graham,Team of the Week,RE,90,75,79,74,82,89,74,265,83,85,83,90,85,89,89,23,16,89,14,89
Fabian Moreau,Series Redux,CB,93,93,88,90,92,89,72,198,70,51,41,34,76,52,72,91,88,70,94,89
Grady Jarrett,Heavyweights,DT,90,67,68,78,81,90,72,305,86,89,66,84,84,87,84,24,20,83,13,90
DeForest Buckner,Ultimate Kickoff,DT,93,72,83,79,82,91,79,300,85,88,94,84,90,90,89,39,30,89,19,91
Avery Williamson,Signature Series,MLB,92,83,79,77,88,94,73,246,77,92,56,63,86,83,91,65,59,95,57,94
Patrick Surtain,Legends,CB,93,91,91,87,91,91,71,195,64,51,56,35,63,41,64,86,92,76,90,91
DeAndre Baker,Rookie Premiere,CB,93,90,88,84,91,91,71,180,62,57,49,44,60,54,70,85,92,76,95,91
John Randle,Series Redux,DT,91,75,70,69,85,88,73,290,85,87,91,86,82,82,85,37,27,90,27,88
Jonathan Jones,Zero Chill,CB,88,93,80,83,93,82,70,190,61,60,41,35,46,43,62,76,83,79,79,82
William Jackson,Signature Series,CB,93,92,87,91,92,91,72,196,58,57,26,25,76,49,57,88,92,76,87,91
Devin White,Gauntlet I,MLB,89,88,78,89,87,83,72,237,73,81,68,65,89,83,90,71,61,92,53,83
C.J. Mosley,Team of the Week,MLB,90,82,85,83,86,93,74,250,72,75,53,59,88,88,92,74,64,88,45,93
Shaquill Griffin,NFL Playoffs,CB,93,94,88,91,93,90,72,198,68,57,38,29,72,58,71,90,87,83,88,90
Aaron Donald,MUT Heroes,RE,92,78,77,73,85,91,73,280,93,90,89,92,78,87,85,21,17,90,12,91
Malik Jackson,Flashbacks,DT,89,71,65,70,79,88,77,290,79,80,75,89,80,90,90,39,23,90,29,88
Brian Urlacher,Legends,MLB,89,81,80,81,81,89,76,258,77,82,60,66,84,80,89,84,67,89,58,89
T.J. Watt,Harvest,LOLB,89,79,80,84,84,89,76,252,73,83,89,73,84,63,80,64,59,87,37,89
Keith Bulluck,Legends,ROLB,92,86,85,84,87,90,75,235,74,85,61,54,80,81,88,82,84,86,58,90
Alan Page,Legends,DT,90,78,72,85,83,87,76,245,85,85,88,82,83,85,85,46,36,88,45,87
Marcus Davenport,Football Outsiders,RE,89,84,76,81,88,80,78,265,81,81,76,84,86,89,94,40,32,91,23,80
Joe Haden,Team of the Week,CB,92,88,90,92,90,93,71,195,65,46,46,53,72,51,56,89,90,71,91,93
A.J. Johnson,Football Outsiders,MLB,88,80,79,84,86,81,74,245,79,80,53,59,93,88,93,61,54,89,33,81
Devin Bush,Ghosts of Madden - Future,MLB,93,91,86,94,92,89,71,234,74,78,66,63,94,78,91,84,75,93,58,89
Jamal Adams,MUT Heroes,SS,91,87,83,74,86,92,73,213,74,65,36,49,94,71,82,87,86,90,66,92
Cameron Jordan,Series Redux,LE,90,74,76,72,81,93,76,287,87,86,68,90,82,88,85,34,24,87,13,93
Antoine Bethea,Veterans,FS,89,84,81,85,85,91,71,206,68,63,68,41,84,63,79,85,81,86,67,91
Anthony Harris,Team of the Week,FS,93,89,90,89,91,94,73,202,61,65,45,34,91,60,75,91,84,92,75,94
Jaire Alexander,Football Outsiders,CB,88,89,90,80,89,83,70,196,56,50,32,20,55,53,54,81,85,74,87,83
D.J. Reader,Heavyweights,DT,89,59,59,75,76,90,75,347,86,86,63,84,81,86,86,19,13,87,12,90
Patrick Onwuasor,NFL Playoffs,MLB,89,85,83,85,85,88,72,227,74,82,61,53,88,75,89,69,58,91,53,88
Danielle Hunter,Football Outsiders,LE,89,84,81,82,86,87,77,252,77,82,87,72,73,82,81,36,19,85,14,87
Champ Bailey,Legends,CB,91,90,91,86,90,86,72,192,55,44,52,32,54,44,69,85,91,72,83,86
Jonathan Allen,Most Feared,RE,88,68,68,70,79,90,75,294,87,82,71,89,82,88,84,23,18,87,13,90
Lavonte David,Series Redux,MLB,92,83,84,85,87,90,73,233,74,87,58,52,85,85,91,80,72,92,52,90
Kwon Alexander,Flashbacks,MLB,88,84,81,83,87,90,73,227,76,71,52,61,87,82,84,74,68,87,53,90
Kyle Fuller,MUT Heroes,CB,90,89,87,88,89,86,72,190,59,41,63,49,77,46,60,93,85,61,84,86
Donte Jackson,Series Redux,CB,92,94,94,90,90,88,70,180,48,44,32,21,61,44,53,85,91,71,85,88
Akiem Hicks,Heavyweights,LE,91,62,66,79,79,96,77,336,91,92,70,89,81,89,87,23,18,91,13,96
Ed Reed,Legends,SS,89,86,86,83,86,87,71,200,61,58,58,41,84,63,77,89,78,81,76,87
Quinton Dunbar,Series Redux,CB,92,90,86,84,93,91,74,197,63,45,32,30,37,45,58,84,89,70,90,91
Bobby Wagner,Core Set Elite,MLB,88,79,76,83,80,89,72,245,72,81,45,56,87,80,89,76,65,88,32,89
Mean Joe Greene,NFL 100,DT,94,77,70,76,82,88,76,275,93,94,77,91,90,93,90,37,21,89,16,88
Lamarcus Joyner,MUT Heroes,FS,91,86,84,87,90,93,68,190,54,55,53,37,82,58,76,90,85,85,85,93
Brian Bosworth,Series Redux,MLB,93,87,85,85,88,91,74,255,88,90,63,70,90,90,92,66,55,91,48,91
Frank Clark,NFL Playoffs,RE,91,83,79,86,89,92,75,265,87,68,85,93,86,93,76,46,33,89,17,92
Jaquiski Tartt,NFL Playoffs,SS,89,88,82,80,89,89,73,215,63,66,57,42,89,61,79,84,79,85,83,89
Za'Darius Smith,Most Feared,LOLB,90,78,68,75,82,91,76,275,80,66,71,90,86,75,84,56,44,89,14,91
Geno Atkins,Heavyweights,DT,90,75,68,72,81,91,73,300,87,85,76,89,81,87,78,19,14,85,13,91
Ty Law,Legends,CB,90,85,85,83,85,90,71,200,60,48,32,36,59,48,68,88,88,77,89,90
Marshon Lattimore,Harvest,CB,91,91,89,89,92,84,72,192,70,49,41,29,66,51,66,83,90,70,85,84
Andrew Sendejo,Veterans,FS,88,79,81,79,85,90,73,210,66,61,47,37,85,63,79,86,75,85,63,90
Akiem Hicks,Ultimate Kickoff,LE,91,62,65,78,78,97,77,336,90,92,71,89,80,90,88,25,20,89,16,97
Logan Ryan,NFL Playoffs,CB,91,87,90,84,91,86,71,195,60,62,47,35,67,56,72,82,85,85,85,86
Brennan Scarlett,Team of the Week,LOLB,92,82,76,84,90,87,76,260,81,91,67,82,87,80,90,62,53,94,28,87
Reggie White,NFL 100,LE,94,79,72,72,87,92,77,291,94,94,89,94,90,90,91,37,27,90,30,92
Joe Schobert,Team of the Week,MLB,92,84,81,86,88,97,73,245,77,83,54,56,85,83,86,80,70,91,51,97
Eddie Goldman,Zero Chill,DT,89,62,62,72,73,87,76,320,88,84,57,80,82,85,91,23,16,83,14,87
Dee Ford,Heavyweights,LE,88,81,83,81,82,84,74,252,80,64,88,82,75,76,80,59,48,83,14,84
Marcus Williams,Team of the Week,FS,88,87,85,95,88,91,73,195,68,62,38,30,81,54,78,76,75,85,64,91
Patrick Surtain,Legends,CB,89,86,86,82,86,89,71,195,60,47,52,31,59,37,60,83,89,72,86,89
Joe Haden,Flashbacks,CB,88,83,85,88,85,90,71,195,61,42,43,50,69,48,53,84,86,67,88,90
Jalen Ramsey,MUT Heroes,CB,91,88,85,89,88,87,73,208,64,43,33,27,75,51,66,90,92,69,92,87
Quinton Dunbar,Signature Series,CB,92,90,86,84,93,91,74,197,63,45,32,30,37,45,58,84,89,70,90,91
Danielle Hunter,NFL Playoffs,LE,95,87,85,86,90,93,77,252,82,89,95,80,81,90,88,41,24,92,17,93
Merton Hanks,Theme Diamonds,FS,88,84,85,85,84,87,74,181,60,50,37,20,59,43,75,87,78,84,70,87
Brian Burns,Ghosts of Madden - Future,LOLB,93,88,86,86,91,91,77,249,76,80,91,68,87,83,85,53,43,96,17,91
Nickell Robey-Coleman,Zero Chill,CB,90,88,89,94,90,91,68,178,50,56,38,27,44,49,60,86,83,78,80,91
Dwight Freeney,Legends,RE,88,79,78,75,84,87,73,268,75,79,88,73,76,79,80,48,35,86,21,87
Brian Dawkins,Legends,FS,89,83,81,80,81,89,72,210,69,67,66,54,89,64,83,88,73,86,75,89
Linval Joseph,NFL Playoffs,DT,93,74,62,71,78,91,76,329,96,92,53,79,65,95,86,23,16,87,16,91
Troy Polamalu,Series Redux,SS,93,90,90,92,92,93,70,207,73,66,63,52,83,68,88,91,79,92,71,93
Jadeveon Clowney,Series Redux,ROLB,92,85,85,87,88,91,77,255,82,87,80,90,83,88,84,53,45,94,28,91
Charles Tillman,Legends,CB,92,87,85,87,85,91,74,210,67,60,52,42,71,49,73,90,89,85,86,91
Ted Hendricks,Zero Chill,LOLB,93,84,81,80,86,92,79,220,85,91,76,83,90,87,90,71,59,89,48,92
A.J. Bouye,Harvest,CB,92,88,90,90,93,91,72,191,65,57,38,35,47,52,59,89,89,78,91,91
Keith Bulluck,Legends,ROLB,88,81,80,79,82,87,75,235,70,81,57,50,76,77,84,79,80,83,54,87
Michael Brockers,Heavyweights,LE,90,61,69,70,78,93,77,302,86,92,55,75,86,89,91,14,14,89,13,93
Darius Leonard,Zero Chill,LOLB,92,84,81,89,85,92,74,221,73,85,70,59,85,74,95,70,65,92,42,92
DeAndre Baker,Ghosts of Madden - Future,CB,93,90,88,84,91,91,71,180,62,57,49,44,60,54,70,85,92,76,95,91
Ed Too Tall Jones,Legends,LE,90,72,72,80,78,88,81,271,86,91,82,88,86,90,89,61,42,88,30,88
John Henderson,Legends,DT,92,63,58,56,73,90,79,335,93,91,58,89,87,91,89,21,13,82,12,90
Jerome Baker,Blitz,LOLB,89,88,84,86,88,84,74,215,72,81,60,49,81,75,88,70,66,90,43,84
Darnell Dockett,Legends,DT,93,75,73,70,80,90,76,290,91,91,79,91,81,89,89,35,23,86,15,90
Byron Jones,Journey,CB,91,88,92,94,90,88,72,199,67,44,38,29,55,55,62,92,85,68,92,88
Lawrence Taylor,Legends,ROLB,88,80,78,74,83,83,75,237,80,82,84,87,84,84,83,51,53,88,38,83
Willie Brown,NFL 100,CB,94,92,90,90,90,91,73,195,70,58,49,49,78,56,69,92,93,79,92,91
Clay Matthews,Team of the Week,ROLB,90,81,83,79,87,90,75,255,83,86,68,84,95,89,86,58,48,88,45,90
Malik Hooker,MUT Heroes,FS,90,87,86,90,89,91,73,212,74,51,35,31,83,56,75,88,79,75,61,91
Eddie Jackson,Signature Series,FS,90,83,81,79,85,93,72,201,58,52,35,26,79,48,72,93,81,86,76,93
Bryce Callahan,Blitz,CB,90,91,85,94,90,90,69,188,65,60,30,31,45,43,59,84,86,80,74,90
Marcus Peters,Flashbacks,CB,89,87,88,86,87,88,72,197,68,51,40,43,61,55,59,78,88,79,82,88
Jason Pierre-Paul,Zero Chill,ROLB,89,78,82,85,84,89,77,278,85,77,88,64,91,82,85,52,40,86,21,89
Fred Warner,Team of the Week,ROLB,88,84,85,91,89,80,75,236,74,79,61,53,87,83,84,77,71,89,53,80
Marlon Humphrey,Team of the Week,CB,91,91,87,85,92,88,72,197,73,46,40,31,80,58,69,82,87,65,87,88
Matthew Judon,MUT Heroes,LOLB,90,79,77,77,85,84,75,263,84,64,75,88,85,72,87,72,66,82,18,84
