name,position,program,OVR,HT,WT,SPD,ACC,AGI,AWR,CAR,STR,CTH,CIT,SPC,ELU,SPM,JKM,SFA,TRK,IMP,JMP,STA,KR,TGH,BKS,FNM,TAK,MCV,POW,PRC,PRS,PUR,PWM,trait_clutch,trait_high_motor,trait_penalty,trait_big_hitter,trait_lb_style,trait_plays_ball_in_the_air,trait_strips_ball,trait_utilizes_bull_rush_moves,trait_utilizes_spin_moves,trait_utilizes_swim_moves,BCV,BSK,BTK,DRR,MRR,SRR,LBK,RBF,RBK,RBP,RLS,PBF,PBK,PBP,image,jersey_number,last_name,player_id,quicksell_amount,release_date,salary_cap_cost,team,has_power_up,archetype_id,date_scraped
Mike Daniels,RE,Zero Chill,88,72,310,72,80,71,88,42,91,29,19,19,10,10,10,19,15,88,81,88,13,91,87,80,86,16,70,88,13,84,70,,True,1.0,False,,,False,False,True,True,10,10,10,10,10,10,11,35,35,35,10,35,35,35,https://cdn.muthead.com/media/20/assets/zero-00052525.png,96,Daniels,52525,1050,2019-12-23T15:36:43.667279Z,29,DET,True,9,Dec23-2019
Darius Leonard,LOLB,Zero Chill,92,74,221,84,85,81,92,48,73,59,44,39,32,36,46,25,26,74,89,90,17,89,85,70,95,65,85,92,42,92,59,False,True,1.0,False,1.0,2.0,True,False,False,True,38,10,26,10,10,10,14,35,35,35,10,35,35,35,https://cdn.muthead.com/media/20/assets/zero-00052504.png,53,Leonard,52504,3860,2019-12-16T15:36:42.929416Z,33,IND,True,29,Dec23-2019
Damontae Kazee,FS,Zero Chill,85,71,190,85,86,87,83,63,65,74,70,73,59,54,66,27,17,48,79,91,72,82,53,31,70,75,79,83,69,78,23,False,True,1.0,False,1.0,3.0,True,False,False,False,67,10,59,10,10,18,10,25,25,25,14,25,25,25,https://cdn.muthead.com/media/20/assets/zero-00052510.png,27,Kazee,52510,396,2019-12-16T15:36:42.928088Z,30,ATL,False,17,Dec23-2019
Richard Sherman,CB,Zero Chill,95,75,195,89,89,95,97,56,79,78,61,78,64,65,67,40,41,55,97,98,47,94,51,51,69,92,71,97,96,78,31,True,True,1.0,False,1.0,3.0,True,False,False,False,76,10,54,12,19,29,10,25,25,25,38,25,25,25,https://cdn.muthead.com/media/20/assets/zero-00052901.png,25,Sherman,52901,250000,2019-12-18T15:36:43.192556Z,61,SF,True,37,Dec23-2019
Derwin James,SS,Zero Chill,93,74,215,90,92,89,91,62,78,68,54,59,56,57,67,37,36,73,93,94,78,87,65,59,81,86,93,91,85,86,65,False,False,1.0,True,2.0,3.0,False,True,False,True,63,14,49,10,12,17,10,25,25,25,14,25,25,25,https://cdn.muthead.com/media/20/assets/zero-00052503.png,33,James,52503,5350,2019-12-16T15:36:42.929636Z,52,LAC,True,2,Dec23-2019
Sam Hubbard,RE,Zero Chill,87,77,265,78,83,84,79,30,74,41,33,31,13,17,23,23,21,87,84,81,14,91,76,83,87,30,80,79,17,84,74,,True,1.0,False,,,False,True,False,True,17,10,12,10,10,12,22,38,43,39,10,37,40,36,https://cdn.muthead.com/media/20/assets/zero-00052508.png,94,Hubbard,52508,760,2019-12-16T15:36:42.928533Z,28,CIN,False,20,Dec23-2019
Cameron Heyward,RE,Zero Chill,92,77,295,71,79,70,96,29,92,22,17,17,11,10,10,35,25,90,64,87,15,88,90,68,91,20,90,96,16,86,92,,True,1.0,True,,,True,True,False,False,19,10,10,10,10,10,10,35,35,35,10,35,35,35,https://cdn.muthead.com/media/20/assets/zero-00052522.png,97,Heyward,52522,3860,2019-12-23T15:36:43.667938Z,39,PIT,True,34,Dec23-2019
Jason Pierre-Paul,ROLB,Zero Chill,89,77,278,78,84,82,89,27,85,28,19,24,30,54,16,10,15,82,85,92,14,70,77,88,85,40,91,89,21,86,64,False,True,,False,1.0,2.0,True,False,True,True,25,10,20,10,10,10,10,35,35,35,10,35,35,35,https://cdn.muthead.com/media/20/assets/zero-00052506.png,90,Pierre-Paul,52506,1460,2019-12-16T15:36:42.928977Z,31,TB,False,32,Dec23-2019
Jonathan Jones,CB,Zero Chill,88,70,190,93,93,80,82,50,61,66,62,72,55,55,58,19,18,43,83,82,61,73,60,41,62,83,46,82,79,79,35,False,True,,False,1.0,2.0,True,False,False,False,50,10,45,10,10,16,10,24,24,23,17,24,23,23,https://cdn.muthead.com/media/20/assets/zero-00052507.png,31,Jones,52507,1050,2019-12-16T15:36:42.928755Z,41,NE,False,1,Dec23-2019
Ted Hendricks,LOLB,Zero Chill,93,79,220,84,86,81,92,54,85,66,57,49,19,15,30,35,25,87,80,93,12,93,91,76,90,59,90,92,48,89,83,False,True,1.0,True,1.0,2.0,True,True,False,True,25,19,19,15,15,15,45,45,45,45,12,45,45,45,https://cdn.muthead.com/media/20/assets/zero-00052803.png,83,Hendricks,52803,3275,2019-12-16T15:36:42.926511Z,114,OAK,True,29,Dec23-2019
Jessie Bates III,FS,Zero Chill,86,73,200,86,87,86,82,59,55,71,60,64,57,59,68,26,31,53,83,90,74,79,40,33,72,76,66,82,57,85,21,False,True,1.0,False,2.0,3.0,False,False,False,False,64,10,38,10,10,10,10,25,25,25,10,25,25,25,https://cdn.muthead.com/media/20/assets/zero-00052527.png,30,Bates III,52527,547,2019-12-23T15:36:43.666822Z,28,CIN,False,17,Dec23-2019
Eddie Goldman,DT,Zero Chill,89,76,320,62,73,62,87,30,88,20,15,15,10,10,10,10,15,85,72,80,13,84,84,57,91,16,82,87,14,83,80,,False,1.0,True,,,False,True,False,False,10,10,10,10,10,10,26,35,35,35,10,35,35,35,https://cdn.muthead.com/media/20/assets/zero-00052524.png,91,Goldman,52524,1460,2019-12-23T15:36:43.667499Z,23,CHI,True,25,Dec23-2019
Bruce Smith,RE,Zero Chill,95,76,262,81,89,74,92,40,95,47,38,35,30,65,45,78,55,91,74,92,11,99,93,90,92,24,92,92,26,92,95,,True,1.0,True,,,False,True,True,True,45,15,30,15,15,15,25,25,45,25,28,25,45,25,https://cdn.muthead.com/media/20/assets/zero-00052501.png,78,Smith,52501,10280,2019-12-16T15:36:42.930078Z,56,BUF,True,34,Dec23-2019
Marcus Peters,CB,Zero Chill,93,72,197,90,90,91,92,58,71,82,74,75,66,56,67,20,15,58,89,87,47,82,55,43,63,93,64,92,87,82,46,False,False,,False,2.0,3.0,True,False,False,False,65,10,56,10,10,14,10,25,25,25,15,25,25,25,https://cdn.muthead.com/media/20/assets/zero-00052521.png,24,Peters,52521,5350,2019-12-23T15:36:43.668156Z,45,BAL,False,1,Dec23-2019
Josh Allen,LOLB,Out of Position,87,77,262,83,84,80,79,57,78,69,56,55,35,38,45,42,41,86,78,85,16,91,77,89,78,50,86,79,54,85,76,False,True,1.0,False,1.0,2.0,True,True,False,True,43,10,27,26,30,38,10,35,35,35,34,35,35,35,https://cdn.muthead.com/media/20/assets/zero-00052706.png,41,Allen,52706,760,2019-12-20T15:36:43.682678Z,32,JAX,False,32,Dec23-2019
Mike Evans,CB,Out of Position,93,77,231,90,92,87,83,69,77,83,85,84,62,67,75,71,68,68,96,93,47,88,46,43,75,96,62,83,88,67,40,False,False,1.0,False,1.0,2.0,False,False,False,False,82,12,68,75,77,72,33,29,49,32,84,17,39,19,https://cdn.muthead.com/media/20/assets/zero-00052702.png,13,Evans,52702,5350,2019-12-20T15:36:43.683945Z,57,TB,False,1,Dec23-2019
Calvin Johnson,FS,Out of Position,95,77,236,91,90,90,92,78,77,82,80,81,83,84,79,85,72,69,95,92,46,93,70,52,86,80,87,92,73,89,48,True,True,2.0,False,1.0,2.0,False,False,False,False,87,44,83,88,84,86,30,46,50,47,89,29,33,38,https://cdn.muthead.com/media/20/assets/zero-00052701.png,81,Johnson,52701,10280,2019-12-20T15:36:43.684170Z,62,DET,True,17,Dec23-2019
Patrick Ricard,DT,Out of Position,93,75,311,71,80,74,88,68,94,61,48,41,58,62,57,68,70,93,78,85,15,90,93,68,84,47,86,88,29,90,86,,True,1.0,False,,,False,True,True,False,62,10,64,25,33,48,89,63,75,66,32,45,68,49,https://cdn.muthead.com/media/20/assets/zero-00052703.png,42,Ricard,52703,5350,2019-12-20T15:36:43.683713Z,35,BAL,False,25,Dec23-2019
Landon Collins,MLB,Out of Position,85,72,218,83,84,78,80,56,77,65,47,53,64,42,70,47,55,71,80,84,28,88,80,61,85,60,93,80,68,83,46,False,True,2.0,True,2.0,2.0,False,False,False,False,66,19,49,10,10,10,15,25,25,25,10,25,25,25,https://cdn.muthead.com/media/20/assets/zero-00052707.png,20,Collins,52707,396,2019-12-20T15:36:43.682234Z,31,WAS,False,41,Dec23-2019
A.J. Bouye,CB,Harvest,92,72,191,88,93,90,91,55,65,69,52,60,57,64,67,29,25,52,90,90,63,72,57,38,59,89,47,91,91,78,35,True,True,,False,1.0,3.0,True,False,False,False,64,10,47,10,10,10,10,25,25,25,15,25,25,25,https://cdn.muthead.com/media/20/assets/harv-00051709.png,21,Bouye,51709,2368,2019-11-21T15:36:45.372345Z,42,JAX,True,1,23-12-2019
Kendall Fuller,CB,Ultimate Kickoff,93,71,198,89,91,89,92,53,66,67,57,60,57,53,68,19,18,49,86,87,59,80,63,35,70,91,57,92,82,79,28,False,True,,False,1.0,3.0,True,False,False,False,60,10,47,10,10,16,10,24,10,23,17,24,10,23,https://cdn.muthead.com/media/20/assets/ultk-00051113.png,29,Fuller,51113,13100,2019-09-12T14:36:35.978860Z,41,KC,True,24,23-12-2019
John Henderson,DT,Legends,92,79,335,63,73,58,90,40,93,21,12,12,17,12,23,30,29,91,56,84,12,96,91,58,89,13,87,90,12,82,89,,True,1.0,True,,,False,True,False,False,24,17,17,10,10,15,24,45,45,45,13,45,45,45,https://cdn.muthead.com/media/20/assets/lgnd-00052201.png,98,Henderson,52201,9470,2019-10-19T14:36:42.168692Z,32,JAX,True,25,23-12-2019
J.J. Watt,LE,MUT Heroes,91,77,288,73,78,80,92,57,92,70,62,63,22,23,25,39,50,88,82,90,12,98,84,87,91,15,82,92,12,88,88,,True,1.0,True,,,True,True,True,True,45,10,12,27,33,44,14,35,35,35,52,35,35,35,https://cdn.muthead.com/media/20/assets/hero-00051365.png,99,Watt,51365,6840,2019-10-04T14:36:38.356765Z,36,HOU,True,34,23-12-2019
Cameron Jordan,LE,Series Redux,90,76,287,74,81,76,93,30,87,30,14,14,14,15,20,15,10,88,72,87,12,85,86,68,85,24,82,93,13,87,90,,True,2.0,False,,,True,True,False,False,16,10,10,10,10,10,12,35,35,35,10,35,35,35,https://cdn.muthead.com/media/20/assets/sigs-00051006.png,94,Jordan,99851006,2470,2019-11-01T15:51:33.074005Z,33,NO,True,34,23-12-2019
Ndamukong Suh,RE,Most Feared,92,76,313,68,79,75,92,35,95,41,26,21,14,23,20,16,15,94,77,91,14,98,92,70,88,26,92,92,19,91,85,,True,,True,,,False,True,True,True,20,10,10,10,10,10,30,35,35,35,10,35,35,35,https://cdn.muthead.com/media/20/assets/fear-00051628.png,93,Suh,51628,9470,2019-10-25T14:36:45.597788Z,36,TB,True,9,23-12-2019
Sheldon Rankins,DT,Heavyweights,89,74,305,68,80,75,89,30,86,38,23,21,10,10,15,15,23,85,80,80,12,91,75,80,86,23,81,89,14,84,86,,True,1.0,False,,,False,True,False,False,16,10,10,10,10,10,25,35,35,36,10,35,34,34,https://cdn.muthead.com/media/20/assets/hvyw-00050820.png,98,Rankins,50820,3570,2019-09-25T14:36:44.826605Z,27,NO,False,23,23-12-2019
Everson Griffen,RE,Series Redux,91,75,273,80,83,76,91,22,84,29,17,17,26,25,17,22,13,87,69,81,15,65,85,82,89,22,84,91,16,90,91,,True,,False,,,False,True,False,True,17,10,16,10,10,10,10,35,35,35,10,35,35,35,https://cdn.muthead.com/media/20/assets/sigs-00051020.png,97,Griffen,99951020,6840,2019-11-01T15:51:33.071340Z,39,MIN,True,34,23-12-2019
DeMarcus Lawrence,LE,MUT20 Launch Promo,89,75,265,75,83,77,88,32,81,26,17,18,10,22,25,28,34,81,78,81,12,97,85,92,81,32,79,88,37,85,85,,True,1.0,False,,,True,True,True,True,21,10,10,10,10,10,10,35,35,35,10,35,35,35,https://cdn.muthead.com/media/20/assets/buil-00050307.png,90,Lawrence,50307,3570,2019-08-09T20:47:37.139049Z,171,DAL,True,20,23-12-2019
Ted Hendricks,LOLB,Zero Chill,93,79,220,84,86,81,92,54,85,66,57,49,19,15,30,35,25,87,80,93,12,93,91,76,90,59,90,92,48,89,83,False,True,1.0,True,1.0,2.0,True,True,False,True,25,19,19,15,15,15,45,45,45,45,12,45,45,45,https://cdn.muthead.com/media/20/assets/zero-00052803.png,83,Hendricks,52803,3275,2019-12-16T15:36:42.926511Z,114,OAK,True,29,23-12-2019
Malik Jackson,DT,Flashbacks,89,77,290,71,79,65,88,29,79,25,15,15,20,15,20,35,45,90,70,85,13,80,80,75,90,23,80,88,29,90,89,,True,1.0,False,,,True,True,False,True,25,10,10,10,10,10,28,35,35,35,10,35,35,35,https://cdn.muthead.com/media/20/assets/flsh-00050926.png,97,Jackson,50926,3570,2019-10-14T14:36:44.340348Z,27,DEN,False,23,23-12-2019
John Randle,DT,Legends,91,73,290,75,85,70,88,65,85,27,10,17,40,35,33,65,55,82,69,88,10,97,87,91,85,27,82,88,27,90,86,,True,1.0,True,,,False,True,True,True,65,15,40,10,10,10,25,25,45,25,15,25,45,25,https://cdn.muthead.com/media/20/assets/lgnd-00052050.png,93,Randle,52050,250000,2019-08-02T03:46:53.383219Z,35,MIN,True,27,23-12-2019
Deion Sanders,CB,NFL 100,94,72,185,95,95,95,90,76,48,81,68,79,94,89,93,35,10,39,92,95,94,55,39,33,56,94,49,90,79,70,24,True,True,1.0,False,1.0,3.0,False,False,False,False,93,37,91,86,77,80,10,25,45,25,77,25,45,25,https://cdn.muthead.com/media/20/assets/nfl1-00051923.png,21,Sanders,51923,18200,2019-12-07T02:20:53.335273Z,999,DAL,True,1,23-12-2019
Kenny Moore II,CB,Football Outsiders,90,69,190,88,90,89,90,43,59,62,55,65,51,61,65,38,43,60,93,88,75,77,60,57,61,84,59,90,80,78,44,False,False,1.0,False,1.0,3.0,False,False,False,False,38,10,41,11,18,28,10,25,15,25,30,25,15,25,https://cdn.muthead.com/media/20/assets/foot-00051530.png,23,Moore II,51530,4940,2019-12-08T15:36:41.561514Z,38,IND,False,24,23-12-2019
John Randle,DT,Series Redux,91,73,290,75,85,70,88,65,85,27,10,17,40,35,33,65,55,82,69,88,10,97,87,91,85,27,82,88,27,90,86,,True,1.0,True,,,False,True,True,True,65,15,40,10,10,10,25,25,45,25,15,25,45,25,https://cdn.muthead.com/media/20/assets/lgnd-00052050.png,93,Randle,99952050,6840,2019-09-20T14:36:44.440410Z,35,MIN,True,27,23-12-2019
Xavien Howard,CB,MUT Heroes,90,73,192,90,90,86,88,54,63,73,50,67,63,59,66,19,16,41,88,88,57,88,58,32,61,83,49,88,86,82,28,False,True,,False,1.0,3.0,False,False,False,False,56,10,53,10,10,16,10,24,10,23,17,24,10,23,https://cdn.muthead.com/media/20/assets/hero-00051314.png,25,Howard,51314,4940,2019-10-04T14:36:38.365427Z,41,MIA,True,37,23-12-2019
Brian Urlacher,MLB,Legends,91,76,258,85,85,84,90,65,82,72,56,59,46,55,70,78,40,82,85,92,14,97,84,62,90,68,86,90,60,90,68,True,True,1.0,True,1.0,2.0,True,True,False,False,65,30,46,25,0,25,45,45,45,45,35,45,45,45,https://cdn.muthead.com/media/20/assets/lgnd-00052175.png,54,Urlacher,52175,6840,2019-10-05T14:36:42.358293Z,38,CHI,True,22,23-12-2019
Calvin Johnson,FS,Series Redux,92,77,236,88,87,87,89,78,74,79,77,78,83,84,79,85,72,66,92,89,43,93,66,49,83,77,84,89,70,86,45,True,True,2.0,False,1.0,2.0,False,False,False,False,87,44,83,88,84,86,30,46,50,47,89,29,33,38,https://cdn.muthead.com/media/20/assets/lgnd-00052168.png,81,Johnson,99952168,9470,2019-11-01T15:51:33.069562Z,50,DET,True,17,23-12-2019
Marcus Peters,CB,Flashbacks,89,72,197,87,87,88,88,58,68,79,71,72,66,56,67,20,15,55,86,84,43,82,51,40,59,88,61,88,82,79,43,False,False,,False,2.0,3.0,True,False,False,False,65,10,56,10,10,14,10,25,25,25,15,25,25,25,https://cdn.muthead.com/media/20/assets/flsh-00050920.png,22,Peters,50920,3570,2019-09-23T14:36:42.023134Z,33,KC,False,1,23-12-2019
Cameron Jordan,LE,Series Redux,90,76,287,74,81,76,93,30,87,30,14,14,14,15,20,15,10,88,72,87,12,85,86,68,85,24,82,93,13,87,90,,True,2.0,False,,,True,True,False,False,16,10,10,10,10,10,12,35,35,35,10,35,35,35,https://cdn.muthead.com/media/20/assets/sigs-00051006.png,94,Jordan,99951006,4940,2019-09-20T14:36:44.441245Z,33,NO,True,34,23-12-2019
Minkah Fitzpatrick,FS,Team of the Week,91,73,201,89,92,91,94,56,63,73,63,66,54,54,62,26,29,61,82,92,69,88,59,51,67,86,84,94,78,85,39,False,True,,False,1.0,3.0,False,False,False,False,57,10,47,10,13,18,10,25,25,25,19,25,25,25,https://cdn.muthead.com/media/20/assets/totw-00056152.png,39,Fitzpatrick,56152,6840,2019-11-12T20:11:33.358719Z,44,PIT,True,2,23-12-2019
Marshon Lattimore,CB,Harvest,91,72,192,91,92,89,84,51,70,70,58,70,67,63,70,23,13,51,89,87,68,71,49,41,66,90,66,84,85,70,29,False,True,1.0,False,1.0,3.0,True,False,False,False,64,10,57,10,14,24,10,25,25,25,10,25,25,25,https://cdn.muthead.com/media/20/assets/harv-00051756.png,23,Lattimore,51756,6840,2019-11-21T15:36:45.367399Z,42,NO,True,1,23-12-2019
Night Train Lane,CB,Harvest,94,73,194,91,91,92,89,65,76,78,70,74,93,88,90,55,55,66,93,95,60,92,64,61,74,88,91,89,90,80,55,True,True,1.0,True,1.0,3.0,True,False,False,False,90,40,93,45,45,45,45,45,45,45,60,45,45,45,https://cdn.muthead.com/media/20/assets/harv-00051702.png,81,Lane,51702,18200,2019-11-21T15:36:45.373843Z,57,DET,True,24,23-12-2019
Sean Lee,LOLB,Flashbacks,90,74,238,80,85,79,95,40,74,73,61,59,10,10,20,25,25,86,73,93,15,80,81,50,87,71,85,95,50,88,56,False,True,2.0,True,2.0,3.0,False,False,False,False,15,10,10,10,10,10,19,35,35,35,10,35,35,35,https://cdn.muthead.com/media/20/assets/flsh-00050934.png,50,Lee,50934,4940,2019-11-11T15:54:16.054789Z,26,DAL,True,29,23-12-2019
Janoris Jenkins,CB,Veterans,89,70,190,88,91,92,85,44,52,74,52,83,73,65,75,23,20,44,85,93,76,90,51,52,61,85,52,85,86,73,30,False,False,,False,2.0,2.0,True,False,False,False,67,10,62,10,10,15,10,20,20,20,10,15,25,20,https://cdn.muthead.com/media/20/assets/vets-00050742.png,20,Jenkins,50742,3570,2019-12-13T15:36:46.975010Z,35,NYG,False,1,23-12-2019
Xavier Rhodes,CB,Gauntlet II,92,73,218,90,89,86,90,55,71,71,58,72,55,50,62,35,40,58,95,91,36,84,60,62,59,90,71,90,95,83,53,False,True,,False,1.0,3.0,False,False,False,False,60,10,45,10,10,15,10,25,25,25,35,25,25,25,https://cdn.muthead.com/media/20/assets/gaun-00051210.png,29,Rhodes,51210,0,2019-12-13T15:36:46.973852Z,45,MIN,True,1,23-12-2019
Mel Renfro,CB,Theme Diamonds,89,72,190,86,87,88,86,64,64,73,65,71,82,81,84,43,39,51,88,88,88,67,51,53,63,86,71,86,75,82,38,False,True,1.0,True,1.0,3.0,True,False,False,False,85,20,82,40,40,40,56,45,45,45,40,45,45,45,https://cdn.muthead.com/media/20/assets/diam-00050111.png,20,Renfro,50111,3570,2019-08-16T14:36:35.659393Z,36,DAL,True,24,23-12-2019
Willie Brown,CB,NFL 100,94,73,195,92,90,90,91,62,70,79,70,68,77,45,75,30,22,56,90,92,67,72,58,49,69,93,78,91,92,79,49,True,True,1.0,False,1.0,3.0,True,False,False,False,66,20,77,15,15,15,45,45,45,45,15,45,45,45,https://cdn.muthead.com/media/20/assets/nfl1-00051925.png,24,Brown,51925,18200,2019-12-07T02:20:53.334812Z,999,OAK,True,24,23-12-2019
Rod Woodson,CB,NFL 100,94,72,205,92,93,94,90,73,71,80,69,75,83,80,85,63,62,53,90,94,90,88,59,60,70,92,76,90,85,79,53,True,True,1.0,True,1.0,3.0,False,False,False,False,85,20,79,26,35,45,25,25,45,25,65,25,45,25,https://cdn.muthead.com/media/20/assets/nfl1-00051932.png,26,Woodson,51932,18200,2019-12-07T15:36:42.143016Z,999,PIT,True,24,23-12-2019
Trae Waynes,CB,Series Redux,89,72,190,93,91,85,84,44,66,72,67,74,55,57,61,25,10,44,87,92,38,82,59,36,51,83,40,84,88,83,44,False,True,1.0,False,1.0,2.0,False,False,False,False,54,10,45,10,10,15,10,25,25,25,25,25,25,25,https://cdn.muthead.com/media/20/assets/bltz-00051818.png,26,Waynes,99951818,3570,2019-12-13T16:37:36.615862Z,42,MIN,False,1,23-12-2019
Rob Ninkovich,LE,Theme Diamonds,89,74,260,75,80,77,89,43,86,48,39,36,31,28,33,38,36,81,65,87,12,88,84,74,88,55,85,89,45,85,87,,True,2.0,False,,,True,True,False,False,30,15,29,10,15,20,20,45,45,45,16,45,45,45,https://cdn.muthead.com/media/20/assets/diam-00050122.png,50,Ninkovich,50122,3570,2019-08-16T14:36:33.317930Z,32,NE,True,34,23-12-2019
Tre'Davious White,CB,Signature Series,91,71,192,88,90,88,91,55,72,69,51,70,72,64,72,33,18,56,77,92,86,81,52,34,70,88,64,91,92,76,26,False,True,,False,1.0,3.0,False,False,False,False,71,30,63,10,15,25,10,25,15,25,22,25,15,25,https://cdn.muthead.com/media/20/assets/sigs-00051014.png,27,White,51014,250000,2019-09-26T14:36:35.816860Z,39,BUF,True,1,23-12-2019
Jason Pierre-Paul,ROLB,Zero Chill,89,77,278,78,84,82,89,27,85,28,19,24,30,54,16,10,15,82,85,92,14,70,77,88,85,40,91,89,21,86,64,False,True,,False,1.0,2.0,True,False,True,True,25,10,20,10,10,10,10,35,35,35,10,35,35,35,https://cdn.muthead.com/media/20/assets/zero-00052506.png,90,Pierre-Paul,52506,1460,2019-12-16T15:36:42.928977Z,31,TB,False,32,23-12-2019
Darius Leonard,LOLB,Ultimate Kickoff,89,74,221,80,81,77,89,48,69,55,40,35,32,36,46,25,26,72,85,86,13,89,84,66,92,63,79,89,38,90,55,False,True,1.0,False,1.0,2.0,True,False,False,True,38,10,26,10,10,10,14,35,35,35,10,35,35,35,https://cdn.muthead.com/media/20/assets/ultk-00051114.png,53,Leonard,51114,3570,2019-09-12T14:36:35.760380Z,27,IND,True,29,23-12-2019
Leighton Vander Esch,ROLB,Ghosts of Madden - Present,94,76,256,86,91,89,91,46,78,61,41,36,30,29,45,27,39,83,92,89,18,93,85,54,93,72,82,91,45,95,65,False,True,1.0,False,1.0,2.0,True,True,False,False,37,10,22,10,10,10,12,35,35,35,10,35,35,35,https://cdn.muthead.com/media/20/assets/zero-00052608.png,55,Vander Esch,52608,7430,2019-12-20T15:36:43.684390Z,35,DAL,True,29,23-12-2019
Derwin James,SS,Gauntlet I,89,74,215,87,89,86,87,62,75,65,51,56,56,57,67,37,36,70,90,91,75,87,62,56,76,82,89,87,81,81,62,False,False,1.0,True,2.0,3.0,False,True,False,True,63,14,49,10,12,17,10,25,25,25,14,25,25,25,https://cdn.muthead.com/media/20/assets/gaun-00051205.png,33,James,51205,0,2019-09-20T14:36:44.444185Z,39,LAC,True,2,23-12-2019
C.J. Mosley,MLB,Team of the Week,90,74,250,82,86,85,93,56,72,69,53,56,37,30,36,35,28,88,83,94,14,87,75,53,92,64,88,93,45,88,59,True,True,1.0,True,1.0,3.0,True,True,False,False,47,10,22,10,10,10,18,35,35,35,15,35,35,35,https://cdn.muthead.com/media/20/assets/totw-00056017.png,57,Mosley,56017,4940,2019-09-10T19:20:07.154226Z,32,NYJ,True,35,23-12-2019
Tre'Davious White,CB,Series Redux,91,71,192,88,90,88,91,55,72,69,51,70,72,64,72,33,18,56,77,92,86,81,52,34,70,88,64,91,92,76,26,False,True,,False,1.0,3.0,False,False,False,False,71,30,63,10,15,25,10,25,15,25,22,25,15,25,https://cdn.muthead.com/media/20/assets/sigs-00051014.png,27,White,99951014,6840,2019-11-01T15:51:33.072669Z,39,BUF,True,1,23-12-2019
Cameron Heyward,RE,Zero Chill,92,77,295,71,79,70,96,29,92,22,17,17,11,10,10,35,25,90,64,87,15,88,90,68,91,20,90,96,16,86,92,,True,1.0,True,,,True,True,False,False,19,10,10,10,10,10,10,35,35,35,10,35,35,35,https://cdn.muthead.com/media/20/assets/zero-00052522.png,97,Heyward,52522,3860,2019-12-23T15:36:43.667938Z,39,PIT,True,34,23-12-2019
Darnell Dockett,DT,Legends,89,76,290,70,75,68,87,40,87,38,10,11,26,17,26,19,38,85,65,84,10,89,87,75,85,19,77,87,13,82,87,,True,1.0,False,,,True,True,False,False,28,18,30,10,10,10,24,45,45,45,12,45,45,45,https://cdn.muthead.com/media/20/assets/lgnd-00052268.png,90,Dockett,52268,3570,2019-11-23T15:36:39.002428Z,29,ARI,True,23,23-12-2019
Earl Thomas III,FS,Most Feared,92,70,202,86,88,90,93,57,64,75,66,74,67,65,75,15,30,65,89,94,72,82,51,39,77,80,85,93,76,76,49,True,True,2.0,True,1.0,3.0,True,False,False,False,69,12,56,10,10,20,14,25,25,25,10,25,25,25,https://cdn.muthead.com/media/20/assets/fear-00051617.png,29,Thomas III,51617,9470,2019-10-18T14:36:43.847866Z,47,BAL,True,17,23-12-2019
Chris Harris Jr,CB,MUT Heroes,91,70,199,87,86,93,91,50,55,74,43,61,60,50,54,23,10,51,87,92,62,86,69,29,59,91,54,91,83,82,26,True,True,1.0,False,1.0,3.0,True,False,False,False,45,10,50,10,13,23,10,25,25,25,20,25,25,25,https://cdn.muthead.com/media/20/assets/hero-00051315.png,25,Harris Jr,51315,6840,2019-10-04T14:36:38.365217Z,39,DEN,True,24,23-12-2019
Adrian Amos Jr,SS,Harvest,92,72,214,91,90,83,93,55,70,61,50,58,44,45,54,34,30,60,84,86,32,66,66,44,75,80,85,93,76,88,39,False,True,1.0,False,2.0,3.0,True,False,False,False,49,10,29,10,10,10,10,25,25,25,10,25,25,25,https://cdn.muthead.com/media/20/assets/harv-00051710.png,31,Amos Jr,51710,2368,2019-11-21T15:36:45.372131Z,48,GB,True,17,23-12-2019
Deion Sanders,CB,Series Redux,92,72,185,92,92,92,89,76,45,78,65,76,91,86,90,35,10,36,89,92,91,55,36,30,53,92,45,89,77,67,21,True,True,1.0,False,1.0,3.0,False,False,False,False,90,37,88,86,77,80,10,25,45,25,77,25,45,25,https://cdn.muthead.com/media/20/assets/lgnd-00052194.png,21,Sanders,99952194,9470,2019-11-01T15:51:33.069118Z,49,DAL,True,1,23-12-2019
Howie Long,RE,Legends,91,77,270,79,85,68,90,40,89,37,16,19,20,10,10,25,40,90,78,89,10,88,90,82,86,16,85,90,14,91,90,,True,1.0,False,,,False,True,False,False,15,20,20,10,0,10,25,25,45,25,12,25,45,25,https://cdn.muthead.com/media/20/assets/lgnd-00052136.png,75,Long,52136,6840,2019-09-14T14:36:41.794861Z,40,OAK,True,9,23-12-2019
Marlon Humphrey,CB,Team of the Week,91,72,197,91,92,87,88,52,73,68,52,60,56,51,66,26,19,58,85,93,63,79,46,40,69,87,80,88,87,65,31,False,True,1.0,False,1.0,3.0,True,False,False,False,58,10,46,10,10,10,10,25,25,25,10,25,25,25,https://cdn.muthead.com/media/20/assets/totw-00056137.png,44,Humphrey,56137,6840,2019-11-05T19:10:08.510886Z,42,BAL,True,1,23-12-2019
DeForest Buckner,DT,MUT Heroes,90,79,300,70,80,81,87,34,83,35,15,16,18,13,18,23,35,87,77,89,14,88,84,91,86,27,87,87,16,86,81,,True,1.0,True,,,False,False,False,True,28,10,10,10,10,10,28,35,35,34,10,34,36,36,https://cdn.muthead.com/media/20/assets/hero-00051353.png,99,Buckner,51353,4940,2019-10-04T14:36:38.357391Z,32,SF,True,27,23-12-2019
Javon Hargrave,DT,Football Outsiders,89,74,305,73,83,68,89,20,86,24,16,16,10,10,10,15,19,85,80,82,13,88,75,87,84,16,82,89,14,86,67,,True,1.0,False,,,False,False,True,True,10,10,10,10,10,10,22,35,35,36,10,35,34,34,https://cdn.muthead.com/media/20/assets/foot-00051532.png,79,Hargrave,51532,3570,2019-12-08T15:36:41.561070Z,27,PIT,False,27,23-12-2019
Terrell Suggs,LOLB,Gauntlet II,92,75,265,77,82,74,93,55,88,50,23,38,10,45,35,10,34,85,80,95,15,96,85,70,86,55,87,93,42,90,90,False,True,1.0,True,,,True,True,True,True,25,10,10,10,10,10,13,35,35,35,20,35,35,35,https://cdn.muthead.com/media/20/assets/gaun-00051209.png,56,Suggs,51209,0,2019-12-13T15:36:46.974094Z,31,ARI,True,28,23-12-2019
Brandon Graham,RE,Team of the Week,90,74,265,75,82,79,89,12,83,20,14,14,26,24,37,38,27,89,74,81,14,79,85,83,89,16,85,89,14,89,90,,True,1.0,True,,,True,True,True,True,42,10,16,10,10,10,13,35,35,35,15,35,35,35,https://cdn.muthead.com/media/20/assets/totw-00056077.png,55,Graham,56077,4940,2019-10-08T18:01:28.187900Z,35,PHI,True,34,23-12-2019
Champ Bailey,CB,Legends,89,72,192,85,87,86,86,64,51,74,52,71,75,90,95,45,48,42,81,87,80,84,42,50,68,91,52,86,83,68,30,True,True,1.0,False,1.0,3.0,False,False,False,False,90,25,75,60,0,60,25,25,45,25,52,25,45,25,https://cdn.muthead.com/media/20/assets/lgnd-00052163.png,24,Bailey,52163,3570,2019-09-28T14:36:34.279119Z,35,DEN,True,1,23-12-2019
Jurrell Casey,RE,Series Redux,91,73,305,69,78,68,94,30,90,23,16,16,10,10,10,19,14,88,63,90,14,76,86,74,92,17,88,94,15,85,92,,True,,False,,,True,True,False,True,11,10,10,10,10,10,10,35,35,35,10,35,35,35,https://cdn.muthead.com/media/20/assets/sigs-00051016.png,99,Casey,99951016,6840,2019-11-01T15:51:33.072228Z,35,TEN,True,34,23-12-2019
Trumaine Johnson,CB,Flashbacks,91,74,213,87,87,88,91,53,69,79,51,78,56,50,65,25,35,53,87,94,63,63,51,56,74,86,77,91,89,80,42,False,False,2.0,False,1.0,3.0,False,False,False,False,55,10,46,10,10,12,10,25,25,25,10,25,25,25,https://cdn.muthead.com/media/20/assets/flsh-00050938.png,22,Johnson,50938,6840,2019-11-25T15:36:38.400977Z,44,LAR,False,37,23-12-2019
Champ Bailey,CB,Legends,91,72,192,90,90,91,86,64,55,74,54,73,75,90,95,45,48,44,86,91,82,84,44,52,69,91,54,86,83,72,32,True,True,1.0,False,1.0,3.0,False,False,False,False,90,25,75,60,0,60,25,25,45,25,52,25,45,25,https://cdn.muthead.com/media/20/assets/lgnd-00052162.png,24,Bailey,52162,6840,2019-09-28T14:36:34.279363Z,41,DEN,True,1,23-12-2019
Michael Brockers,LE,Heavyweights,90,77,302,61,78,69,93,30,86,22,15,15,10,10,10,17,15,89,70,82,13,76,92,55,91,14,86,93,13,89,75,,False,1.0,True,,,False,True,False,False,10,10,10,10,10,10,10,35,35,35,10,35,35,35,https://cdn.muthead.com/media/20/assets/hvyw-00050832.png,90,Brockers,50832,4940,2019-11-06T16:58:58.428702Z,29,LAR,True,9,23-12-2019
Keith Bulluck,ROLB,Legends,92,75,235,86,87,85,90,69,74,65,53,51,47,36,57,65,30,81,84,91,11,95,85,61,88,84,80,90,58,86,54,False,True,1.0,True,1.0,,True,False,False,False,62,18,47,15,15,15,45,45,45,45,35,45,45,45,https://cdn.muthead.com/media/20/assets/lgnd-00052240.png,53,Bulluck,52240,9470,2019-11-09T18:07:43.386405Z,33,TEN,True,42,23-12-2019
Aaron Donald,RE,MUT Heroes,92,73,280,78,85,77,91,38,93,34,15,39,10,15,18,20,22,87,73,88,12,87,90,89,85,17,78,91,12,90,92,,True,2.0,True,,,True,True,True,True,39,10,10,10,10,10,13,35,35,35,10,35,35,35,https://cdn.muthead.com/media/20/assets/hero-00051349.png,99,Donald,51349,250000,2019-10-07T14:36:41.983603Z,45,LAR,True,34,23-12-2019
Chandler Jones,ROLB,Series Redux,91,77,265,76,83,78,91,37,80,45,16,21,15,25,30,35,25,87,83,92,15,85,78,75,90,47,83,91,28,89,90,False,True,2.0,False,,2.0,True,True,False,True,10,10,10,10,10,10,16,35,35,35,10,35,35,35,https://cdn.muthead.com/media/20/assets/sigs-00051018.png,55,Jones,99951018,6840,2019-11-01T15:51:33.071783Z,30,ARI,True,28,23-12-2019
Ed Oliver Jr,DT,Gauntlet I,89,73,287,78,84,82,81,22,86,28,21,17,13,19,29,20,21,92,83,80,14,89,82,75,87,15,85,81,15,88,81,,True,,False,,,True,True,True,True,21,10,10,10,10,10,20,35,35,35,10,35,35,35,https://cdn.muthead.com/media/20/assets/gaun-00051203.png,91,Oliver Jr,51203,0,2019-09-20T14:36:44.445022Z,29,BUF,False,25,23-12-2019
Michael Strahan,LE,Legends,89,77,255,76,83,74,87,40,87,40,33,31,35,45,10,10,10,86,66,86,11,97,86,85,85,24,80,87,31,86,89,,True,1.0,False,,,True,True,False,True,10,15,35,15,15,15,25,25,45,25,15,25,45,25,https://cdn.muthead.com/media/20/assets/lgnd-00052031.png,92,Strahan,52031,3570,2019-07-26T21:56:27.293410Z,35,NYG,True,34,23-12-2019
Willie Lanier,MLB,Legends,91,73,245,83,83,82,90,45,82,69,51,52,32,27,43,44,52,82,78,87,10,97,92,47,88,66,92,90,47,89,60,False,True,2.0,True,1.0,2.0,True,True,False,False,42,32,32,10,10,10,83,45,45,45,20,45,45,45,https://cdn.muthead.com/media/20/assets/lgnd-00052090.png,63,Lanier,52090,250000,2019-08-17T14:36:26.778645Z,38,KC,True,35,23-12-2019
Justin Simmons,FS,Series Redux,93,74,202,88,91,96,94,52,66,74,48,65,52,50,58,34,43,55,93,95,50,79,74,36,84,82,86,94,68,94,32,False,True,1.0,False,2.0,2.0,False,False,False,False,48,10,37,10,10,12,10,23,10,24,12,23,10,24,https://cdn.muthead.com/media/20/assets/sigs-00051032.png,31,Simmons,99951032,13100,2019-12-13T16:37:36.620418Z,45,DEN,True,21,23-12-2019
Brian Dawkins,FS,Legends,89,72,210,83,81,81,89,70,69,70,55,67,65,82,84,55,25,64,80,85,44,96,67,66,83,73,89,89,75,86,54,True,True,1.0,True,1.0,3.0,True,False,False,False,72,20,65,15,0,15,25,25,45,25,25,25,45,25,https://cdn.muthead.com/media/20/assets/lgnd-00052124.png,20,Dawkins,52124,3570,2019-09-07T14:36:27.359358Z,39,PHI,True,17,23-12-2019
Brennan Scarlett,LOLB,Team of the Week,92,76,260,82,90,76,87,22,81,55,43,40,15,18,24,32,25,80,84,86,16,81,91,67,90,53,87,87,28,94,82,False,True,1.0,False,,2.0,False,False,False,True,29,10,10,10,10,16,10,35,35,35,15,35,35,35,https://cdn.muthead.com/media/20/assets/totw-00056135.png,57,Scarlett,56135,250000,2019-11-05T19:10:08.511348Z,35,HOU,False,29,23-12-2019
Brennan Scarlett,LOLB,Series Redux,92,76,260,82,90,76,87,22,81,55,43,40,15,18,24,32,25,80,84,86,16,81,91,67,90,53,87,87,28,94,82,False,True,1.0,False,,2.0,False,False,False,True,29,10,10,10,10,16,10,35,35,35,15,35,35,35,https://cdn.muthead.com/media/20/assets/totw-00056135.png,57,Scarlett,99956135,9470,2019-12-13T16:37:36.612894Z,35,HOU,False,29,23-12-2019
Jadeveon Clowney,ROLB,Series Redux,92,77,255,85,88,85,91,49,82,42,33,37,32,40,44,50,44,88,87,87,13,79,87,80,84,45,83,91,28,94,90,True,True,,True,,2.0,True,True,False,True,45,10,17,10,10,10,18,35,35,35,10,35,35,35,https://cdn.muthead.com/media/20/assets/hero-00051362.png,90,Clowney,99951362,9470,2019-11-01T15:51:33.070885Z,39,SEA,True,28,23-12-2019
John Henderson,DT,Legends,90,79,335,59,69,54,90,40,88,19,11,11,17,12,23,30,29,89,52,79,11,96,90,56,89,12,86,90,11,81,86,,True,1.0,True,,,False,True,False,False,24,17,17,10,10,15,24,45,45,45,13,45,45,45,https://cdn.muthead.com/media/20/assets/lgnd-00052202.png,98,Henderson,52202,4940,2019-10-19T14:36:42.168476Z,27,JAX,True,25,23-12-2019
Justin Reid,FS,Blitz,92,73,202,91,90,90,89,53,65,69,63,61,33,51,61,37,21,66,86,91,54,85,61,45,79,82,80,89,72,87,38,False,True,1.0,False,1.0,3.0,True,False,False,False,47,10,14,10,10,10,10,25,25,25,12,25,25,25,https://cdn.muthead.com/media/20/assets/bltz-00051808.png,20,Reid,51808,9470,2019-11-29T01:19:02.430765Z,45,HOU,True,17,23-12-2019
Jordan Poyer,SS,Ultimate Kickoff,93,72,191,86,90,87,91,55,65,75,48,68,35,55,56,10,15,58,78,92,67,74,67,55,80,88,77,91,88,94,47,False,True,1.0,False,1.0,2.0,False,False,False,False,50,10,20,10,15,25,10,25,25,25,10,25,25,25,https://cdn.muthead.com/media/20/assets/ultk-00051107.png,21,Poyer,51107,13100,2019-09-12T14:36:37.273964Z,50,BUF,False,17,23-12-2019
Avery Williamson,MLB,Series Redux,92,73,246,83,88,79,94,35,77,61,37,33,15,20,12,30,39,83,77,90,14,76,92,56,91,59,86,94,57,95,63,False,True,2.0,False,1.0,,True,True,False,False,25,10,10,10,10,10,10,35,35,35,10,35,35,35,https://cdn.muthead.com/media/20/assets/sigs-00051028.png,54,Williamson,99951028,9470,2019-12-13T16:37:36.621326Z,37,NYJ,True,41,23-12-2019
Bradley Chubb,ROLB,Team of the Week,89,76,269,82,85,76,87,43,89,43,25,23,17,23,28,32,21,89,84,82,12,92,87,84,85,46,88,87,21,87,80,False,True,1.0,True,,2.0,True,True,False,True,29,10,26,10,10,10,10,35,35,35,10,35,35,35,https://cdn.muthead.com/media/20/assets/totw-00056002.png,55,Chubb,56002,3570,2019-08-30T14:36:26.656500Z,34,DEN,True,29,23-12-2019
Khalil Mack,LOLB,Ultimate Kickoff,91,75,252,82,84,83,92,50,84,55,47,45,36,50,44,39,45,83,89,90,12,92,86,85,85,42,82,92,40,88,90,True,True,1.0,True,1.0,2.0,True,True,True,True,45,10,21,10,10,10,18,35,35,35,15,35,35,35,https://cdn.muthead.com/media/20/assets/ultk-00051103.png,52,Mack,51103,6840,2019-09-12T14:36:38.143201Z,35,CHI,True,28,23-12-2019
Calais Campbell,LE,Most Feared,93,80,300,71,81,78,94,35,90,36,15,15,16,10,10,35,30,87,83,90,14,80,93,86,92,15,85,94,29,87,88,,True,1.0,False,,,True,True,True,True,10,10,10,10,10,10,10,35,35,35,10,35,35,35,https://cdn.muthead.com/media/20/assets/fear-20051646.png,93,Campbell,51646,250000,2019-10-30T14:36:44.860724Z,41,JAX,True,9,23-12-2019
Donte Jackson,CB,Blitz,92,70,180,94,90,94,88,53,48,70,62,64,46,65,69,17,10,44,90,91,80,67,44,32,53,91,61,88,85,71,21,False,False,,False,1.0,3.0,True,False,False,False,59,10,35,10,10,10,10,25,25,25,10,25,25,25,https://cdn.muthead.com/media/20/assets/bltz-00051805.png,26,Jackson,51805,250000,2019-11-29T15:36:39.329288Z,49,CAR,False,1,23-12-2019
De'Vondre Campbell,ROLB,Series Redux,93,76,232,86,88,87,90,35,75,59,48,51,21,18,21,23,18,85,84,87,15,85,70,66,96,70,88,90,43,91,53,False,True,1.0,False,2.0,2.0,False,False,False,True,31,10,10,10,10,10,10,35,19,35,10,35,13,35,https://cdn.muthead.com/media/20/assets/totw-00056165.png,59,Campbell,99956165,13100,2019-12-13T16:37:36.612434Z,34,ATL,False,42,23-12-2019
Everson Griffen,RE,Signature Series,91,75,273,80,83,76,91,22,84,29,17,17,26,25,17,22,13,87,69,81,15,65,85,82,89,22,84,91,16,90,91,,True,,False,,,False,True,False,True,17,10,16,10,10,10,10,35,35,35,10,35,35,35,https://cdn.muthead.com/media/20/assets/sigs-00051020.png,97,Griffen,51020,250000,2019-10-17T14:36:42.983459Z,39,MIN,True,34,23-12-2019
Roquan Smith,MLB,Harvest,92,73,225,88,90,87,86,44,81,60,31,27,23,21,32,25,29,87,80,93,15,95,76,62,91,74,92,86,55,92,70,False,True,1.0,True,1.0,2.0,True,False,False,False,21,10,26,10,10,10,12,35,35,35,12,35,35,35,https://cdn.muthead.com/media/20/assets/harv-00051755.png,58,Smith,51755,9470,2019-11-21T15:36:45.367629Z,42,CHI,False,22,23-12-2019
Richard Sherman,CB,Zero Chill,95,75,195,89,89,95,97,56,79,78,61,78,64,65,67,40,41,55,97,98,47,94,51,51,69,92,71,97,96,78,31,True,True,1.0,False,1.0,3.0,True,False,False,False,76,10,54,12,19,29,10,25,25,25,38,25,25,25,https://cdn.muthead.com/media/20/assets/zero-00052901.png,25,Sherman,52901,250000,2019-12-18T15:36:43.192556Z,61,SF,True,37,23-12-2019
Vita Vea,DT,Team of the Week,92,76,347,68,80,72,84,19,96,30,28,24,32,33,49,43,58,96,69,81,15,97,87,59,86,20,94,84,17,88,83,,True,1.0,True,,,False,True,False,False,45,10,36,10,10,10,32,38,42,42,10,35,35,35,https://cdn.muthead.com/media/20/assets/totw-00056182.png,50,Vea,56182,9470,2019-11-26T19:06:01.058977Z,31,TB,True,25,23-12-2019
Damarious Randall,FS,Signature Series,92,71,196,88,89,89,90,54,67,70,47,61,69,67,74,40,39,51,86,90,62,74,60,52,76,83,65,90,81,90,38,False,True,1.0,False,2.0,3.0,False,False,False,False,71,10,59,10,10,10,10,25,25,25,15,25,25,25,https://cdn.muthead.com/media/20/assets/sigs-00051022.png,23,Randall,51022,250000,2019-10-24T14:36:42.167702Z,41,CLE,True,17,23-12-2019
Jaylon Smith,MLB,Blitz,91,74,240,87,91,86,87,35,73,51,26,31,28,22,37,29,22,81,86,86,15,85,76,72,85,74,92,87,51,91,64,False,True,1.0,True,1.0,2.0,True,False,True,True,37,10,13,10,10,10,12,34,35,34,12,33,35,34,https://cdn.muthead.com/media/20/assets/bltz-00051811.png,54,Smith,51811,6840,2019-11-29T01:19:02.430106Z,40,DAL,True,22,23-12-2019
Eddie Goldman,DT,Zero Chill,89,76,320,62,73,62,87,30,88,20,15,15,10,10,10,10,15,85,72,80,13,84,84,57,91,16,82,87,14,83,80,,False,1.0,True,,,False,True,False,False,10,10,10,10,10,10,26,35,35,35,10,35,35,35,https://cdn.muthead.com/media/20/assets/zero-00052524.png,91,Goldman,52524,1460,2019-12-23T15:36:43.667499Z,23,CHI,True,25,23-12-2019
Troy Polamalu,SS,Madden Ultimate Team 10,93,70,207,90,92,90,93,69,73,76,60,78,74,63,82,53,64,68,92,93,60,95,66,63,88,79,83,93,71,92,52,True,True,1.0,True,1.0,3.0,True,False,True,False,79,31,77,18,25,31,26,35,35,35,24,35,35,35,https://cdn.muthead.com/media/20/assets/lgnd-00052220.png,43,Polamalu,52220,250000,2019-10-25T20:08:48.150654Z,52,PIT,True,2,23-12-2019
Desmond Trufant,CB,Signature Series,90,72,190,87,88,91,86,44,57,67,49,59,63,59,67,15,10,54,87,88,46,65,51,35,70,89,38,86,89,76,25,True,True,1.0,False,1.0,3.0,False,False,False,False,64,10,53,10,10,20,10,25,25,25,10,25,25,25,https://cdn.muthead.com/media/20/assets/sigs-00051004.png,21,Trufant,51004,250000,2019-08-22T14:36:31.167353Z,38,ATL,True,1,23-12-2019
Willie Lanier,MLB,Series Redux,91,73,245,83,83,82,90,45,82,69,51,52,32,27,43,44,52,82,78,87,10,97,92,47,88,66,92,90,47,89,60,False,True,2.0,True,1.0,2.0,True,True,False,False,42,32,32,10,10,10,83,45,45,45,20,45,45,45,https://cdn.muthead.com/media/20/assets/lgnd-00052090.png,63,Lanier,99952090,6840,2019-09-20T14:36:44.438752Z,38,KC,True,35,23-12-2019
Shaun Phillips,LOLB,Theme Diamonds,89,75,255,79,84,78,88,62,74,45,27,26,23,26,37,27,35,76,73,86,10,82,80,88,86,54,78,88,35,86,81,False,True,1.0,True,1.0,,True,True,True,False,35,10,28,10,15,20,18,45,45,45,12,45,45,45,https://cdn.muthead.com/media/20/assets/diam-00050108.png,95,Phillips,50108,3570,2019-08-16T14:36:36.297462Z,30,LAC,True,32,23-12-2019
Jessie Tuggle,MLB,Legends,90,71,232,83,83,82,88,59,83,50,44,43,28,34,41,36,33,86,79,90,11,89,88,55,91,55,88,88,38,89,60,False,True,1.0,True,1.0,2.0,True,False,False,False,36,12,19,5,5,13,18,45,45,45,14,45,45,45,https://cdn.muthead.com/media/20/assets/lgnd-00052280.png,58,Tuggle,52280,4940,2019-12-21T15:36:44.335517Z,32,ATL,True,41,23-12-2019
Anthony Harris,FS,Team of the Week,93,73,202,89,91,90,94,42,61,73,67,76,51,47,59,26,27,60,89,88,31,72,65,45,75,84,91,94,75,92,34,False,False,1.0,False,1.0,2.0,False,False,False,False,52,10,38,16,21,31,10,25,15,25,20,25,15,25,https://cdn.muthead.com/media/20/assets/totw-00056225.png,41,Harris,56225,250000,2019-12-17T19:09:29.193122Z,52,MIN,False,17,23-12-2019
Jessie Tuggle,MLB,Theme Diamonds,89,71,232,82,82,80,87,59,82,49,43,42,28,34,41,36,33,86,75,89,10,89,87,54,89,55,87,87,36,89,59,False,True,1.0,True,1.0,2.0,True,False,False,False,36,12,19,5,5,13,18,45,45,45,14,45,45,45,https://cdn.muthead.com/media/20/assets/diam-00050114.png,58,Tuggle,50114,3570,2019-08-16T14:36:35.022920Z,30,ATL,True,41,23-12-2019
Everson Griffen,RE,Ultimate Kickoff,93,75,273,82,85,78,94,22,86,31,19,19,26,25,17,22,13,91,71,83,16,65,87,82,92,24,84,94,19,91,92,,True,,False,,,False,True,False,True,17,10,16,10,10,10,10,35,35,35,10,35,35,35,https://cdn.muthead.com/media/20/assets/ultk-00051136.png,97,Griffen,51136,13100,2019-09-12T14:36:30.952123Z,43,MIN,True,34,23-12-2019
Alan Page,DT,Legends,90,76,245,78,83,72,87,31,85,25,10,15,42,52,58,70,61,85,85,90,10,96,85,88,85,36,83,87,45,88,82,,True,1.0,True,,,True,True,False,True,68,16,50,20,0,20,45,45,45,45,12,45,45,45,https://cdn.muthead.com/media/20/assets/lgnd-00052110.png,88,Page,52110,4940,2019-08-31T14:36:27.714823Z,32,MIN,True,27,23-12-2019
Kenny Clark,DT,Team of the Week,92,75,314,69,82,64,91,24,94,19,17,19,10,10,14,17,25,86,75,82,15,92,92,67,83,29,79,91,15,81,85,,True,1.0,False,,,False,True,False,False,17,10,10,10,10,10,26,35,35,36,10,35,34,34,https://cdn.muthead.com/media/20/assets/totw-00056227.png,97,Clark,56227,9470,2019-12-17T19:09:29.192679Z,33,GB,True,25,23-12-2019
Joe Schobert,MLB,Team of the Week,92,73,245,84,88,81,97,32,77,62,33,45,25,16,25,26,23,83,86,87,17,92,83,54,86,70,85,97,51,91,56,False,True,1.0,False,2.0,2.0,True,False,False,False,36,10,10,10,10,10,10,34,35,34,12,34,35,34,https://cdn.muthead.com/media/20/assets/totw-00056167.png,53,Schobert,56167,9470,2019-11-19T19:07:36.387787Z,34,CLE,True,35,23-12-2019
Akiem Hicks,LE,Heavyweights,91,77,336,62,79,66,96,25,91,25,15,15,10,10,10,25,28,89,79,93,13,73,92,70,87,18,81,96,13,91,89,,True,1.0,True,,,True,True,False,False,17,10,10,10,10,10,10,35,35,35,10,35,35,35,https://cdn.muthead.com/media/20/assets/hvyw-00050838.png,96,Hicks,50838,6840,2019-11-27T15:36:40.351949Z,35,CHI,True,9,23-12-2019
Deion Sanders,CB,Madden Ultimate Team 10,92,72,185,92,92,92,89,76,45,78,65,76,91,86,90,35,10,36,89,92,91,55,36,30,53,92,45,89,77,67,21,True,True,1.0,False,1.0,3.0,False,False,False,False,90,37,88,86,77,80,10,25,45,25,77,25,45,25,https://cdn.muthead.com/media/20/assets/lgnd-00052194.png,21,Sanders,52194,250000,2019-10-11T20:02:51.583817Z,49,DAL,True,1,23-12-2019
Luke Kuechly,MLB,MUT20 Launch Promo,90,75,238,79,82,76,92,60,76,72,42,37,20,25,35,39,44,84,83,92,12,99,83,48,90,65,87,92,46,91,57,True,True,2.0,True,1.0,3.0,True,False,False,False,36,10,10,10,10,10,18,35,35,35,10,35,35,35,https://cdn.muthead.com/media/20/assets/buil-00050305.png,59,Kuechly,50305,4940,2019-08-09T20:47:37.380889Z,97,CAR,True,35,23-12-2019
Jessie Tuggle,MLB,Legends,92,71,232,84,84,83,90,59,82,52,46,45,28,34,41,36,33,88,80,89,12,89,91,57,93,58,90,90,40,92,62,False,True,1.0,True,1.0,2.0,True,False,False,False,36,12,19,5,5,13,18,45,45,45,14,45,45,45,https://cdn.muthead.com/media/20/assets/lgnd-00052279.png,58,Tuggle,52279,9470,2019-12-21T15:36:44.335738Z,38,ATL,True,41,23-12-2019
Derwin James,SS,Zero Chill,93,74,215,90,92,89,91,62,78,68,54,59,56,57,67,37,36,73,93,94,78,87,65,59,81,86,93,91,85,86,65,False,False,1.0,True,2.0,3.0,False,True,False,True,63,14,49,10,12,17,10,25,25,25,14,25,25,25,https://cdn.muthead.com/media/20/assets/zero-00052503.png,33,James,52503,5350,2019-12-16T15:36:42.929636Z,52,LAC,True,2,23-12-2019
Julius Peppers,LE,Series Redux,92,79,295,84,88,86,87,62,87,55,47,47,40,65,65,70,10,82,88,87,16,90,84,92,82,48,84,87,41,88,85,,True,1.0,False,,,True,True,False,True,55,12,30,18,0,28,16,45,45,45,58,45,45,45,https://cdn.muthead.com/media/20/assets/lgnd-00052142.png,90,Peppers,99952142,9470,2019-11-01T15:51:33.070004Z,43,CAR,True,20,23-12-2019
Justin Reid,FS,Series Redux,92,73,202,91,90,90,89,53,65,69,63,61,33,51,61,37,21,66,86,91,54,85,61,45,79,82,80,89,72,87,38,False,True,1.0,False,1.0,3.0,True,False,False,False,47,10,14,10,10,10,10,25,25,25,12,25,25,25,https://cdn.muthead.com/media/20/assets/bltz-00051808.png,20,Reid,99951808,9470,2019-12-13T16:37:36.618125Z,45,HOU,True,17,23-12-2019
Darius Leonard,LOLB,Zero Chill,92,74,221,84,85,81,92,48,73,59,44,39,32,36,46,25,26,74,89,90,17,89,85,70,95,65,85,92,42,92,59,False,True,1.0,False,1.0,2.0,True,False,False,True,38,10,26,10,10,10,14,35,35,35,10,35,35,35,https://cdn.muthead.com/media/20/assets/zero-00052504.png,53,Leonard,52504,3860,2019-12-16T15:36:42.929416Z,33,IND,True,29,23-12-2019
Damon Harrison Sr,DT,Series Redux,90,75,353,57,71,59,92,23,89,29,12,12,10,15,25,25,29,89,68,75,12,96,90,62,86,27,71,92,17,84,76,,True,2.0,False,,,False,True,False,True,15,17,10,10,10,10,34,35,35,35,10,35,35,35,https://cdn.muthead.com/media/20/assets/sigs-00051008.png,98,Harrison Sr,99951008,4940,2019-11-01T15:51:33.073565Z,24,DET,True,25,23-12-2019
Ezekiel Ansah,RE,Heavyweights,90,77,275,81,85,78,85,41,81,33,21,26,30,52,25,35,35,90,82,87,14,74,79,79,89,28,93,85,40,92,89,,True,1.0,True,,,True,True,True,False,32,10,20,10,10,10,10,35,35,35,10,35,35,35,https://cdn.muthead.com/media/20/assets/hvyw-00050828.png,94,Ansah,50828,4940,2019-10-23T14:36:42.473668Z,35,SEA,False,34,23-12-2019
Justin Reid,FS,Ultimate Kickoff,92,73,202,90,89,89,90,53,64,70,63,61,33,51,61,37,21,65,85,89,54,85,61,45,81,82,80,90,73,87,38,False,True,1.0,False,1.0,3.0,True,False,False,False,47,10,14,10,10,10,10,25,25,25,12,25,25,25,https://cdn.muthead.com/media/20/assets/ultk-00051134.png,20,Reid,51134,9470,2019-09-12T14:36:31.380417Z,45,HOU,True,17,23-12-2019
Da'Ron Payne,DT,MUT Heroes,90,75,319,73,83,62,87,36,92,39,18,15,17,13,17,29,33,88,68,76,13,92,84,58,85,18,80,87,14,84,78,,True,1.0,False,,,False,True,False,False,27,10,22,10,10,10,24,35,35,35,15,35,35,35,https://cdn.muthead.com/media/20/assets/hero-00051311.png,94,Payne,51311,4940,2019-10-04T14:36:38.366055Z,27,WAS,True,25,23-12-2019
Zach Brown,MLB,Veterans,89,73,251,84,84,82,86,50,74,71,37,47,37,35,56,25,10,84,84,85,15,64,87,62,90,56,89,86,52,91,57,False,True,1.0,True,2.0,2.0,True,False,False,False,32,10,22,10,10,10,15,35,35,35,15,35,35,35,https://cdn.muthead.com/media/20/assets/vets-00050738.png,52,Brown,50738,3570,2019-11-29T15:36:39.329523Z,33,FA,False,41,23-12-2019
Bryce Callahan,CB,Blitz,90,69,188,91,90,85,90,51,65,67,46,68,62,63,68,23,17,43,94,85,63,81,60,30,59,86,45,90,74,80,31,False,False,1.0,False,1.0,2.0,False,False,False,False,55,10,52,10,10,20,10,25,25,25,30,25,25,25,https://cdn.muthead.com/media/20/assets/bltz-00051814.png,29,Callahan,51814,4940,2019-11-29T01:19:02.429446Z,41,DEN,False,24,23-12-2019
Jamal Adams,SS,MUT Heroes,91,73,213,87,86,83,92,50,74,67,47,57,30,45,55,30,35,71,74,89,29,84,65,36,82,86,94,92,66,90,49,False,True,1.0,True,2.0,2.0,True,False,False,False,45,10,15,10,15,25,16,25,25,25,10,25,25,25,https://cdn.muthead.com/media/20/assets/hero-00051352.png,33,Adams,51352,6840,2019-10-04T14:36:38.357600Z,48,NYJ,True,21,23-12-2019
D.J. Reader,DT,Heavyweights,89,75,347,59,76,59,90,21,86,23,14,14,10,10,10,15,19,86,75,81,12,84,86,63,86,13,81,90,12,87,84,,True,1.0,True,,,False,True,False,False,10,10,10,10,10,10,25,35,35,36,10,35,34,34,https://cdn.muthead.com/media/20/assets/hvyw-00050826.png,98,Reader,50826,3570,2019-10-16T14:36:44.062985Z,24,HOU,False,25,23-12-2019
Mean Joe Greene,DT,NFL 100,94,76,275,77,82,70,88,45,93,48,26,17,33,50,55,41,51,93,76,91,10,99,94,77,90,21,90,88,16,89,91,,True,1.0,True,,,False,True,False,True,50,39,39,15,15,15,45,45,45,45,15,45,45,45,https://cdn.muthead.com/media/20/assets/nfl1-00051918.png,75,Greene,51918,18200,2019-11-30T15:36:41.479104Z,999,PIT,True,23,23-12-2019
Damon Harrison Sr,DT,Signature Series,90,75,353,57,71,59,92,23,89,29,12,12,10,15,25,25,29,89,68,75,12,96,90,62,86,27,71,92,17,84,76,,True,2.0,False,,,False,True,False,True,15,17,10,10,10,10,34,35,35,35,10,35,35,35,https://cdn.muthead.com/media/20/assets/sigs-00051008.png,98,Harrison Sr,51008,250000,2019-09-12T14:36:38.786011Z,24,DET,True,25,23-12-2019
Quinton Dunbar,CB,Signature Series,92,74,197,90,93,86,91,49,63,77,66,68,62,56,62,27,26,45,84,89,74,77,45,32,58,89,37,91,90,70,30,False,False,1.0,False,1.0,3.0,False,False,False,False,53,10,52,43,50,58,10,25,25,25,15,25,25,25,https://cdn.muthead.com/media/20/assets/sigs-00051026.png,23,Dunbar,51026,250000,2019-11-07T15:58:04.743543Z,41,WAS,True,1,23-12-2019
T.J. Watt,LOLB,Harvest,89,76,252,79,84,80,89,43,73,51,36,40,28,27,36,32,42,63,84,80,14,88,83,89,80,59,84,89,37,87,73,False,True,1.0,False,,2.0,True,True,True,True,39,10,13,10,10,14,10,35,35,35,12,35,35,35,https://cdn.muthead.com/media/20/assets/harv-00051720.png,90,Watt,51720,3570,2019-11-21T15:36:45.371705Z,30,PIT,True,32,23-12-2019
Patrick Willis,MLB,Series Redux,91,73,242,86,86,86,88,66,84,58,41,42,28,30,35,60,30,86,86,90,11,95,86,68,89,65,90,88,58,90,63,True,True,2.0,True,1.0,2.0,True,True,False,True,54,28,39,15,0,15,31,45,45,45,15,45,45,45,https://cdn.muthead.com/media/20/assets/lgnd-00052116.png,52,Willis,99952116,6840,2019-09-20T14:36:44.437918Z,37,SF,True,35,23-12-2019
Darnell Dockett,DT,Legends,91,76,290,71,76,69,90,40,86,40,10,12,26,17,26,19,38,87,66,83,10,89,90,77,88,21,79,90,14,85,90,,True,1.0,False,,,True,True,False,False,28,18,30,10,10,10,24,45,45,45,12,45,45,45,https://cdn.muthead.com/media/20/assets/lgnd-00052267.png,90,Dockett,52267,6840,2019-11-23T15:36:39.002652Z,32,ARI,True,23,23-12-2019
Marcus Peters,CB,Zero Chill,93,72,197,90,90,91,92,58,71,82,74,75,66,56,67,20,15,58,89,87,47,82,55,43,63,93,64,92,87,82,46,False,False,,False,2.0,3.0,True,False,False,False,65,10,56,10,10,14,10,25,25,25,15,25,25,25,https://cdn.muthead.com/media/20/assets/zero-00052521.png,24,Peters,52521,5350,2019-12-23T15:36:43.668156Z,45,BAL,False,1,23-12-2019
Calvin Johnson,FS,Out of Position,95,77,236,91,90,90,92,78,77,82,80,81,83,84,79,85,72,69,95,92,46,93,70,52,86,80,87,92,73,89,48,True,True,2.0,False,1.0,2.0,False,False,False,False,87,44,83,88,84,86,30,46,50,47,89,29,33,38,https://cdn.muthead.com/media/20/assets/zero-00052701.png,81,Johnson,52701,10280,2019-12-20T15:36:43.684170Z,62,DET,True,17,23-12-2019
Eddie Jackson,FS,Signature Series,90,72,201,83,85,81,93,64,58,74,69,67,62,55,66,37,38,48,79,84,78,64,52,35,72,81,79,93,76,86,26,True,True,1.0,False,1.0,3.0,False,False,False,False,70,10,47,27,32,42,10,25,28,25,39,25,25,25,https://cdn.muthead.com/media/20/assets/sigs-00051002.png,39,Jackson,51002,250000,2019-08-15T14:36:30.155615Z,41,CHI,True,17,23-12-2019
Patrick Surtain,CB,Legends,89,71,195,86,86,86,89,70,60,69,63,67,43,71,80,23,26,37,82,87,49,87,47,52,60,89,59,89,86,72,31,False,True,1.0,False,1.0,2.0,False,False,False,False,59,22,40,20,23,28,15,45,45,45,15,45,45,45,https://cdn.muthead.com/media/20/assets/lgnd-00052255.png,23,Surtain,52255,3570,2019-11-16T16:45:07.301257Z,33,MIA,True,1,23-12-2019
Micah Hyde,FS,Harvest,91,72,197,85,86,87,94,64,56,69,44,60,64,64,74,35,23,53,80,87,80,69,51,45,75,82,44,94,83,83,32,False,True,1.0,False,1.0,3.0,False,False,False,False,72,10,49,10,13,23,10,25,25,25,15,25,25,25,https://cdn.muthead.com/media/20/assets/harv-00051752.png,23,Hyde,51752,6840,2019-11-21T15:36:45.368277Z,36,BUF,True,17,23-12-2019
Ed Reed,SS,Legends,89,71,200,86,86,86,87,60,61,78,67,74,84,79,81,40,56,63,83,87,83,84,58,58,77,78,84,87,76,81,41,True,True,1.0,True,1.0,3.0,False,False,False,False,84,28,84,20,0,20,25,25,45,25,20,25,45,25,https://cdn.muthead.com/media/20/assets/lgnd-00052189.png,20,Reed,52189,3570,2019-10-12T14:36:43.568633Z,39,BAL,True,17,23-12-2019
Lavonte David,MLB,Signature Series,92,73,233,83,87,84,90,50,74,72,15,15,15,15,25,29,16,85,85,94,14,89,87,58,91,72,85,90,52,92,52,True,True,1.0,True,2.0,2.0,True,False,False,False,25,10,10,10,10,10,18,35,35,35,15,35,35,35,https://cdn.muthead.com/media/20/assets/sigs-00051024.png,54,David,51024,250000,2019-10-31T14:36:40.795163Z,35,TB,True,35,23-12-2019
Ty Law,CB,Legends,90,71,200,85,85,85,90,66,60,74,58,70,72,70,82,35,35,48,83,86,37,90,48,32,68,88,59,90,89,77,36,True,True,1.0,False,1.0,3.0,False,False,False,False,73,22,58,15,15,15,45,45,45,45,15,45,45,45,https://cdn.muthead.com/media/20/assets/lgnd-00052215.png,24,Law,52215,4940,2019-10-26T16:45:42.261736Z,36,NE,True,24,23-12-2019
Ted Hendricks,LOLB,Legends,90,79,220,81,83,78,89,54,82,63,54,46,19,15,30,35,25,83,77,90,10,93,88,72,87,57,84,89,44,86,79,False,True,1.0,True,1.0,2.0,True,True,False,True,25,19,19,15,15,15,45,45,45,45,12,45,45,45,https://cdn.muthead.com/media/20/assets/lgnd-00052097.png,83,Hendricks,52097,4940,2019-08-24T14:36:29.347572Z,33,OAK,True,29,23-12-2019
Trae Waynes,CB,Blitz,89,72,190,93,91,85,84,44,66,72,67,74,55,57,61,25,10,44,87,92,38,82,59,36,51,83,40,84,88,83,44,False,True,1.0,False,1.0,2.0,False,False,False,False,54,10,45,10,10,15,10,25,25,25,25,25,25,25,https://cdn.muthead.com/media/20/assets/bltz-00051818.png,26,Waynes,51818,3570,2019-11-29T01:19:02.428563Z,42,MIN,False,1,23-12-2019
Alan Page,DT,NFL 100,94,76,245,82,87,76,91,31,89,28,12,18,42,52,58,70,61,88,89,94,12,96,89,91,89,39,89,91,48,92,86,,True,1.0,True,,,True,True,False,True,68,16,50,20,0,20,45,45,45,45,12,45,45,45,https://cdn.muthead.com/media/20/assets/nfl1-00051911.png,88,Page,51911,18200,2019-11-30T02:17:21.978051Z,999,MIN,True,27,23-12-2019
Julius Peppers,LE,Madden Ultimate Team 10,92,79,295,84,88,86,87,62,87,55,47,47,40,65,65,70,10,82,88,87,16,90,84,92,82,48,84,87,41,88,85,,True,1.0,False,,,True,True,False,True,55,12,30,18,0,28,16,45,45,45,58,45,45,45,https://cdn.muthead.com/media/20/assets/lgnd-00052142.png,90,Peppers,52142,250000,2019-09-13T20:09:00.489244Z,43,CAR,True,20,23-12-2019
Ed Too Tall Jones,LE,Legends,90,81,271,72,78,72,88,40,86,44,32,27,20,55,50,45,50,90,80,82,10,70,91,82,89,42,86,88,30,88,88,,True,1.0,True,,,False,True,False,False,10,20,20,15,15,15,45,45,45,45,15,45,45,45,https://cdn.muthead.com/media/20/assets/lgnd-00052228.png,72,Jones,52228,4940,2019-11-02T14:36:44.030324Z,36,DAL,True,9,23-12-2019
Chandler Jones,ROLB,Signature Series,91,77,265,76,83,78,91,37,80,45,16,21,15,25,30,35,25,87,83,92,15,85,78,75,90,47,83,91,28,89,90,False,True,2.0,False,,2.0,True,True,False,True,10,10,10,10,10,10,16,35,35,35,10,35,35,35,https://cdn.muthead.com/media/20/assets/sigs-00051018.png,55,Jones,51018,250000,2019-10-10T14:36:47.331778Z,30,ARI,True,28,23-12-2019
Malik Hooker,FS,MUT Heroes,90,73,212,87,89,86,91,58,74,73,57,69,53,50,59,37,36,56,90,90,45,77,51,35,75,79,83,91,61,75,31,False,True,1.0,False,2.0,3.0,False,False,False,False,63,10,38,10,10,16,10,23,10,24,12,23,10,24,https://cdn.muthead.com/media/20/assets/hero-00051378.png,29,Hooker,51378,4940,2019-10-04T14:36:38.355909Z,39,IND,True,17,23-12-2019
Josh Allen,LE,Series Redux,91,77,262,85,87,82,87,57,81,71,58,57,35,38,45,42,41,89,80,87,17,91,80,86,87,53,89,87,57,90,73,,True,1.0,False,,,True,True,False,True,43,10,27,26,30,38,10,35,35,35,34,35,35,35,https://cdn.muthead.com/media/20/assets/bltz-00051812.png,41,Allen,99951812,6840,2019-12-13T16:37:36.617219Z,36,JAX,False,20,23-12-2019
Jessie Tuggle,MLB,Legends,94,71,232,88,88,87,91,59,87,54,48,47,28,34,41,36,33,90,84,94,13,89,92,58,94,59,92,91,42,93,63,False,True,1.0,True,1.0,2.0,True,False,False,False,36,12,19,5,5,13,18,45,45,45,14,45,45,45,https://cdn.muthead.com/media/20/assets/lgnd-00052278.png,58,Tuggle,52278,18200,2019-12-21T15:36:44.335959Z,44,ATL,True,41,23-12-2019
De'Vondre Campbell,ROLB,Team of the Week,93,76,232,86,88,87,90,35,75,59,48,51,21,18,21,23,18,85,84,87,15,85,70,66,96,70,88,90,43,91,53,False,True,1.0,False,2.0,2.0,False,False,False,True,31,10,10,10,10,10,10,35,19,35,10,35,13,35,https://cdn.muthead.com/media/20/assets/totw-00056165.png,59,Campbell,56165,250000,2019-11-19T19:07:36.388592Z,34,ATL,False,42,23-12-2019
Preston Smith,ROLB,Flashbacks,91,77,265,81,88,80,86,47,80,55,40,47,15,35,38,35,35,80,82,77,14,76,77,73,86,56,86,86,38,88,90,False,True,2.0,False,,,False,True,False,True,35,10,10,10,10,11,10,35,35,35,25,35,35,35,https://cdn.muthead.com/media/20/assets/flsh-00050936.png,94,Smith,50936,6840,2019-11-18T15:54:51.232457Z,33,WAS,False,28,23-12-2019
Derrick Brooks,ROLB,Legends,90,72,235,81,82,80,89,75,68,66,50,52,48,70,67,55,31,76,71,88,11,84,73,48,90,75,81,89,51,86,41,True,True,1.0,True,1.0,2.0,False,False,True,False,75,18,48,20,20,20,25,25,45,25,12,25,45,25,https://cdn.muthead.com/media/20/assets/lgnd-00052025.png,55,Brooks,52025,4940,2019-07-26T21:56:27.502641Z,24,TB,True,42,23-12-2019
Jamie Collins Sr,LOLB,Series Redux,91,75,250,84,87,83,92,45,72,70,38,43,15,35,30,32,35,90,91,92,15,75,68,59,86,72,88,92,46,91,69,False,False,2.0,True,1.0,3.0,True,True,False,True,37,28,10,10,10,10,16,35,35,35,25,35,35,35,https://cdn.muthead.com/media/20/assets/totw-00056030.png,58,Collins Sr,99956030,6840,2019-11-01T15:51:33.068679Z,31,NE,False,42,23-12-2019
Mike Evans,CB,Out of Position,93,77,231,90,92,87,83,69,77,83,85,84,62,67,75,71,68,68,96,93,47,88,46,43,75,96,62,83,88,67,40,False,False,1.0,False,1.0,2.0,False,False,False,False,82,12,68,75,77,72,33,29,49,32,84,17,39,19,https://cdn.muthead.com/media/20/assets/zero-00052702.png,13,Evans,52702,5350,2019-12-20T15:36:43.683945Z,57,TB,False,1,23-12-2019
Aqib Talib,CB,Flashbacks,90,73,205,84,88,88,89,64,67,77,58,76,67,70,78,20,30,54,93,91,64,85,58,52,58,90,64,89,89,74,42,True,True,1.0,False,1.0,3.0,True,False,False,False,77,10,57,28,35,45,10,25,25,25,45,25,25,25,https://cdn.muthead.com/media/20/assets/flsh-00050928.png,25,Talib,50928,4940,2019-10-21T14:36:40.465617Z,36,TB,True,1,23-12-2019
John Henderson,DT,Theme Diamonds,89,79,335,60,70,55,87,40,90,18,10,10,17,12,23,30,29,87,53,81,10,96,88,55,87,11,84,87,10,79,85,,True,1.0,True,,,False,True,False,False,24,17,17,10,10,15,24,45,45,45,13,45,45,45,https://cdn.muthead.com/media/20/assets/diam-00050117.png,98,Henderson,50117,3570,2019-08-16T14:36:34.397525Z,25,JAX,True,25,23-12-2019
Denzel Ward,CB,Most Feared,92,71,190,92,92,92,86,56,58,66,47,62,64,56,70,18,10,47,89,93,65,86,46,28,52,92,66,86,90,69,21,False,True,1.0,False,1.0,3.0,True,False,False,False,56,10,50,10,16,20,10,25,25,25,16,25,25,25,https://cdn.muthead.com/media/20/assets/fear-00051634.png,21,Ward,51634,9470,2019-10-25T14:36:45.596905Z,46,CLE,True,1,23-12-2019
Desmond Trufant,CB,Series Redux,90,72,190,87,88,91,86,44,57,67,49,59,63,59,67,15,10,54,87,88,46,65,51,35,70,89,38,86,89,76,25,True,True,1.0,False,1.0,3.0,False,False,False,False,64,10,53,10,10,20,10,25,25,25,10,25,25,25,https://cdn.muthead.com/media/20/assets/sigs-00051004.png,21,Trufant,99951004,4940,2019-09-20T14:36:44.442094Z,38,ATL,True,1,23-12-2019
Darius Slay Jr,CB,Team of the Week,90,72,190,89,88,88,89,54,55,68,50,60,70,71,74,33,29,51,84,90,67,67,52,44,62,85,69,89,85,73,35,True,True,,False,1.0,3.0,False,False,False,False,71,10,62,13,20,30,10,25,25,25,30,25,25,25,https://cdn.muthead.com/media/20/assets/totw-00056032.png,23,Slay Jr,56032,4940,2019-09-17T18:44:23.899172Z,41,DET,True,37,23-12-2019
Ty Law,CB,Legends,92,71,200,89,89,89,90,66,65,76,60,72,72,70,82,35,35,50,87,91,39,90,48,34,68,89,61,90,90,77,38,True,True,1.0,False,1.0,3.0,False,False,False,False,73,22,58,15,15,15,45,45,45,45,15,45,45,45,https://cdn.muthead.com/media/20/assets/lgnd-00052214.png,24,Law,52214,9470,2019-10-26T16:45:42.261957Z,41,NE,True,24,23-12-2019
Brian Dawkins,FS,Legends,91,72,210,87,85,85,89,70,74,72,57,69,65,82,84,55,25,66,84,90,45,96,69,68,84,75,91,89,77,88,56,True,True,1.0,True,1.0,3.0,True,False,False,False,72,20,65,15,0,15,25,25,45,25,25,25,45,25,https://cdn.muthead.com/media/20/assets/lgnd-00052123.png,20,Dawkins,52123,6840,2019-09-07T14:36:27.571654Z,45,PHI,True,17,23-12-2019
Geno Atkins,DT,Heavyweights,90,73,300,75,81,68,91,30,87,19,14,14,10,10,10,30,20,87,72,87,13,80,85,76,78,14,81,91,13,85,89,,True,2.0,False,,,True,True,False,False,10,10,10,10,10,10,28,35,35,35,10,35,35,35,https://cdn.muthead.com/media/20/assets/hvyw-00050834.png,97,Atkins,50834,4940,2019-11-13T15:46:05.535762Z,30,CIN,True,23,23-12-2019
Bobby Wagner,MLB,MUT Heroes,91,72,245,83,84,80,91,51,76,66,13,13,28,14,32,43,31,84,87,92,13,74,83,48,92,67,91,91,35,91,59,True,True,2.0,True,2.0,3.0,False,True,False,False,38,10,13,10,10,10,18,35,35,35,10,35,35,35,https://cdn.muthead.com/media/20/assets/hero-00051313.png,54,Wagner,51313,6840,2019-10-04T14:36:38.365636Z,35,SEA,True,35,23-12-2019
Devin White,MLB,Team of the Week,92,72,237,90,89,80,87,52,75,63,45,50,31,38,48,41,37,86,91,83,18,91,84,70,93,64,92,87,55,95,67,False,True,1.0,False,1.0,2.0,True,True,False,False,44,10,24,10,10,14,13,35,35,35,16,35,35,35,https://cdn.muthead.com/media/20/assets/totw-00056197.png,45,White,56197,9470,2019-12-03T19:14:00.793767Z,42,TB,False,41,23-12-2019
Jordan Hicks,MLB,Flashbacks,91,73,236,83,88,85,87,53,78,68,21,27,27,24,33,27,32,80,87,88,15,73,61,56,91,76,85,87,57,88,63,False,True,1.0,False,2.0,3.0,False,False,False,False,38,10,12,10,10,10,10,35,35,35,15,35,35,35,https://cdn.muthead.com/media/20/assets/flsh-00050940.png,58,Hicks,50940,6840,2019-12-02T15:36:39.719446Z,33,PHI,False,22,23-12-2019
Eddie Jackson,FS,Series Redux,90,72,201,83,85,81,93,64,58,74,69,67,62,55,66,37,38,48,79,84,78,64,52,35,72,81,79,93,76,86,26,True,True,1.0,False,1.0,3.0,False,False,False,False,70,10,47,27,32,42,10,25,28,25,39,25,25,25,https://cdn.muthead.com/media/20/assets/sigs-00051002.png,39,Jackson,99851002,2470,2019-11-01T15:51:33.074882Z,41,CHI,True,17,23-12-2019
Blake Martinez,MLB,Ultimate Kickoff,93,74,237,81,86,83,94,35,78,55,26,29,17,22,28,29,21,82,76,86,16,96,91,61,93,62,87,94,52,96,57,False,True,1.0,False,1.0,,True,False,False,True,22,10,10,10,10,10,10,34,35,34,10,33,35,34,https://cdn.muthead.com/media/20/assets/ultk-00051124.png,50,Martinez,51124,13100,2019-09-12T14:36:33.535662Z,37,GB,False,41,23-12-2019
Brian Bosworth,MLB,Series Redux,93,74,255,87,88,85,91,52,88,51,29,36,29,24,33,28,38,90,85,91,11,77,90,63,92,55,90,91,48,91,70,False,True,1.0,True,1.0,,False,False,False,False,31,12,25,5,5,10,18,45,45,45,15,45,45,45,https://cdn.muthead.com/media/20/assets/lgnd-00052246.png,55,Bosworth,99952246,13100,2019-12-13T16:37:36.613804Z,40,SEA,True,41,23-12-2019
Clay Matthews,ROLB,Team of the Week,90,75,255,81,87,83,90,42,83,66,24,34,18,10,10,10,18,89,79,96,15,91,86,68,86,48,95,90,45,88,84,False,True,1.0,True,,2.0,True,True,False,False,10,10,10,10,10,15,14,35,35,35,10,35,35,35,https://cdn.muthead.com/media/20/assets/totw-00056047.png,52,Matthews,56047,4940,2019-09-24T18:22:56.256016Z,35,LAR,True,29,23-12-2019
Danielle Hunter,LE,Football Outsiders,89,77,252,84,86,81,87,35,77,30,14,14,24,45,30,18,34,82,82,82,14,81,82,87,81,19,73,87,14,85,72,,True,1.0,False,,,False,True,False,True,25,10,14,10,10,10,10,35,35,35,10,35,35,35,https://cdn.muthead.com/media/20/assets/foot-00051504.png,99,Hunter,51504,3570,2019-10-06T14:36:40.599681Z,34,MIN,True,20,23-12-2019
Patrick Peterson,CB,Team of the Week,91,73,203,89,89,92,87,57,68,75,64,83,77,77,80,55,45,50,92,94,83,82,38,56,55,90,66,87,90,63,46,True,True,1.0,False,1.0,3.0,False,False,False,False,82,37,75,13,20,30,10,25,25,25,44,25,25,25,https://cdn.muthead.com/media/20/assets/totw-00056107.png,21,Peterson,56107,6840,2019-10-22T18:15:19.649422Z,41,ARI,True,1,23-12-2019
K.J. Wright,ROLB,Football Outsiders,90,76,246,78,82,77,90,45,67,58,26,34,25,10,28,25,31,87,72,92,13,75,81,49,91,74,89,90,58,88,58,False,True,1.0,True,2.0,3.0,True,False,False,False,21,10,10,10,10,10,18,35,35,35,15,35,35,35,https://cdn.muthead.com/media/20/assets/foot-00051516.png,50,Wright,51516,4940,2019-11-03T16:29:19.872720Z,27,SEA,False,42,23-12-2019
Ed Too Tall Jones,LE,Legends,92,81,271,76,82,76,88,40,91,46,34,29,20,55,50,45,50,92,84,87,10,70,92,84,90,44,87,88,32,90,90,,True,1.0,True,,,False,True,False,False,10,20,20,15,15,15,45,45,45,45,15,45,45,45,https://cdn.muthead.com/media/20/assets/lgnd-00052227.png,72,Jones,52227,9470,2019-11-02T14:36:44.030550Z,42,DAL,True,9,23-12-2019
Telvin Smith,ROLB,Signature Series,91,75,215,85,87,86,88,54,61,67,54,56,36,42,52,35,46,84,75,84,13,74,84,53,87,76,84,88,51,93,44,False,True,1.0,True,2.0,3.0,True,False,True,True,48,10,21,10,10,12,17,35,35,35,10,35,35,35,https://cdn.muthead.com/media/20/assets/sigs-00051012.png,50,Smith,51012,250000,2019-09-19T14:36:39.554152Z,31,JAX,True,42,23-12-2019
Calvin Johnson,FS,Madden Ultimate Team 10,92,77,236,88,87,87,89,78,74,79,77,78,83,84,79,85,72,66,92,89,43,93,66,49,83,77,84,89,70,86,45,True,True,2.0,False,1.0,2.0,False,False,False,False,87,44,83,88,84,86,30,46,50,47,89,29,33,38,https://cdn.muthead.com/media/20/assets/lgnd-00052168.png,81,Johnson,52168,250000,2019-09-27T20:15:32.232205Z,50,DET,True,17,23-12-2019
Brian Burns,LOLB,Ghosts of Madden - Future,93,77,249,88,91,86,91,31,76,50,30,36,24,29,32,22,18,83,86,84,15,87,80,91,85,43,87,91,17,96,68,False,True,1.0,False,,2.0,True,False,True,True,23,10,11,10,10,10,10,35,35,35,10,35,35,35,https://cdn.muthead.com/media/20/assets/zero-00052603.png,53,Burns,52603,5350,2019-12-18T15:36:43.193019Z,40,CAR,False,32,23-12-2019
Leighton Vander Esch,ROLB,Ultimate Kickoff,90,76,256,82,87,85,87,46,74,54,35,29,30,29,45,27,39,78,88,85,12,93,81,48,88,70,88,87,39,91,59,False,True,1.0,False,1.0,2.0,True,True,False,False,37,10,22,10,10,10,12,35,35,35,10,35,35,35,https://cdn.muthead.com/media/20/assets/ultk-00051115.png,55,Vander Esch,51115,4940,2019-09-12T14:36:35.543857Z,30,DAL,True,29,23-12-2019
Reggie White,LE,NFL 100,94,77,291,79,87,72,92,60,94,51,40,34,35,35,30,75,65,90,72,90,12,99,94,89,91,27,90,92,30,90,94,,True,1.0,True,,,False,True,True,True,50,15,35,15,15,15,25,25,45,25,20,25,45,25,https://cdn.muthead.com/media/20/assets/nfl1-00051919.png,92,White,51919,18200,2019-11-30T15:36:41.478866Z,999,PHI,True,34,23-12-2019
Jerome Baker,LOLB,Series Redux,89,74,215,88,88,84,84,51,72,55,49,61,41,43,54,21,14,75,86,86,16,84,81,60,88,66,81,84,43,90,49,False,False,1.0,False,2.0,3.0,False,False,False,False,43,10,23,10,10,10,10,34,35,34,10,34,35,33,https://cdn.muthead.com/media/20/assets/bltz-00051817.png,55,Baker,99951817,3570,2019-12-13T16:37:36.616090Z,31,MIA,False,29,23-12-2019
Cameron Wake,LOLB,Veterans,89,75,263,80,87,85,87,35,86,45,17,20,25,20,15,15,15,88,94,86,12,83,69,76,80,35,88,87,36,86,90,False,True,1.0,True,,,True,True,True,True,10,10,15,10,10,10,10,35,35,35,10,35,35,35,https://cdn.muthead.com/media/20/assets/vets-00050740.png,91,Wake,50740,3570,2019-12-06T15:36:39.698357Z,30,TEN,False,28,23-12-2019
Harrison Smith,SS,MUT20 Launch Promo,89,74,214,81,85,86,92,56,67,74,51,61,44,51,44,25,51,61,79,85,12,76,66,42,81,79,87,92,79,88,58,True,True,2.0,True,1.0,3.0,False,False,False,False,50,10,29,10,10,10,13,25,25,25,10,25,25,25,https://cdn.muthead.com/media/20/assets/buil-00050308.png,22,Smith,50308,3570,2019-08-02T03:46:57.895063Z,123,MIN,True,2,23-12-2019
Ronnie Lott,FS,NFL 100,94,72,203,90,92,92,89,74,74,81,67,74,54,72,74,77,75,70,90,94,53,99,79,64,89,83,95,89,84,90,66,True,True,1.0,True,1.0,3.0,False,True,False,False,84,32,54,22,28,35,39,30,55,35,55,25,45,25,https://cdn.muthead.com/media/20/assets/nfl1-00051934.png,42,Lott,51934,18200,2019-12-07T15:36:42.142557Z,999,SF,True,17,23-12-2019
Jamie Collins Sr,LOLB,Team of the Week,91,75,250,84,87,83,92,45,72,70,38,43,15,35,30,32,35,90,91,92,15,75,68,59,86,72,88,92,46,91,69,False,False,2.0,True,1.0,3.0,True,True,False,True,37,28,10,10,10,10,16,35,35,35,25,35,35,35,https://cdn.muthead.com/media/20/assets/totw-00056030.png,58,Collins Sr,56030,250000,2019-09-17T18:44:23.900009Z,31,NE,False,42,23-12-2019
Bradley Chubb,ROLB,Series Redux,93,76,269,86,89,80,90,43,93,46,28,26,17,23,28,32,21,92,88,86,14,92,91,90,89,49,92,90,23,91,85,False,True,1.0,True,,2.0,True,True,False,True,29,10,26,10,10,10,10,35,35,35,10,35,35,35,https://cdn.muthead.com/media/20/assets/bltz-00051803.png,55,Chubb,99951803,13100,2019-12-13T16:37:36.619287Z,45,DEN,True,29,23-12-2019
Anthony Barr,LOLB,Most Feared,90,77,255,84,85,86,89,60,73,62,44,40,45,56,55,55,57,86,81,86,15,78,83,53,89,64,88,89,31,88,60,False,True,1.0,True,1.0,3.0,True,False,False,True,60,10,30,10,15,25,14,35,35,35,10,35,35,35,https://cdn.muthead.com/media/20/assets/fear-00051603.png,55,Barr,51603,1235,2019-10-18T14:36:43.850095Z,32,MIN,True,29,23-12-2019
Cameron Jordan,LE,Signature Series,90,76,287,74,81,76,93,30,87,30,14,14,14,15,20,15,10,88,72,87,12,85,86,68,85,24,82,93,13,87,90,,True,2.0,False,,,True,True,False,False,16,10,10,10,10,10,12,35,35,35,10,35,35,35,https://cdn.muthead.com/media/20/assets/sigs-00051006.png,94,Jordan,51006,250000,2019-08-29T14:36:30.444154Z,33,NO,True,34,23-12-2019
Willie Brown,CB,Legends,90,73,195,87,85,85,88,62,66,74,65,63,77,45,75,30,22,50,85,88,62,72,53,44,66,90,73,88,88,75,44,True,True,1.0,False,1.0,3.0,True,False,False,False,66,20,77,15,15,15,45,45,45,45,15,45,45,45,https://cdn.muthead.com/media/20/assets/lgnd-00052084.png,24,Brown,52084,4940,2019-08-17T14:36:28.071755Z,39,OAK,True,24,23-12-2019
Jerome Baker,LOLB,Blitz,89,74,215,88,88,84,84,51,72,55,49,61,41,43,54,21,14,75,86,86,16,84,81,60,88,66,81,84,43,90,49,False,False,1.0,False,2.0,3.0,False,False,False,False,43,10,23,10,10,10,10,34,35,34,10,34,35,33,https://cdn.muthead.com/media/20/assets/bltz-00051817.png,55,Baker,51817,3570,2019-11-29T01:19:02.428784Z,31,MIA,False,29,23-12-2019
Byron Jones,CB,Journey,91,72,199,88,90,92,88,49,67,58,35,56,55,64,66,29,25,55,94,87,60,83,44,38,62,85,55,88,92,68,29,False,True,1.0,False,1.0,3.0,False,False,False,False,44,10,40,10,10,17,10,25,25,25,31,25,25,25,https://cdn.muthead.com/media/20/assets/jrny-00050402.png,31,Jones,50402,1710,2019-11-01T14:36:46.255549Z,44,DAL,True,37,23-12-2019
Ed Reed,SS,NFL 100,94,71,200,93,93,93,91,64,69,82,73,80,90,85,87,41,58,68,90,95,88,84,62,63,80,82,88,91,81,86,46,True,True,1.0,True,1.0,3.0,False,False,False,False,90,28,90,20,0,20,25,25,45,25,20,25,45,25,https://cdn.muthead.com/media/20/assets/nfl1-00051931.png,20,Reed,51931,18200,2019-12-07T15:36:42.143240Z,999,BAL,True,17,23-12-2019
Jurrell Casey,RE,Signature Series,91,73,305,69,78,68,94,30,90,23,16,16,10,10,10,19,14,88,63,90,14,76,86,74,92,17,88,94,15,85,92,,True,,False,,,True,True,False,True,11,10,10,10,10,10,10,35,35,35,10,35,35,35,https://cdn.muthead.com/media/20/assets/sigs-00051016.png,99,Casey,51016,250000,2019-10-03T14:36:40.213557Z,35,TEN,True,34,23-12-2019
Willie Lanier,MLB,NFL 100,94,73,245,87,87,86,93,45,86,73,55,56,32,27,43,44,52,86,82,91,12,97,94,50,91,68,94,93,50,91,63,False,True,2.0,True,1.0,2.0,True,True,False,False,42,32,32,10,10,10,83,45,45,45,20,45,45,45,https://cdn.muthead.com/media/20/assets/nfl1-00051917.png,63,Lanier,51917,18200,2019-11-30T15:36:41.479326Z,999,KC,True,35,23-12-2019
Von Miller,LOLB,Master ,91,75,250,81,83,84,93,55,78,42,12,32,25,35,43,25,30,82,77,86,12,88,87,83,87,40,83,93,55,90,90,True,True,1.0,False,1.0,2.0,True,True,True,True,30,10,10,10,10,10,19,35,35,35,25,35,35,35,https://cdn.muthead.com/media/20/assets/serm-00050501.png,58,Miller,50501,6840,2019-07-26T21:56:28.560548Z,34,DEN,True,28,23-12-2019
Devin Bush,MLB,Rookie Premiere,93,71,234,91,92,86,89,46,74,64,43,38,18,24,31,26,23,78,94,90,18,89,78,66,91,75,94,89,58,93,63,False,True,1.0,True,1.0,2.0,False,False,False,False,26,10,10,10,10,10,12,35,35,35,10,35,35,35,https://cdn.muthead.com/media/20/assets/prmr-00000098.png,55,Bush,98,0,2019-07-22T21:59:37.838628Z,45,PIT,False,22,23-12-2019
Patrick Surtain,CB,Legends,93,71,195,91,91,91,91,70,64,73,67,71,43,71,80,23,26,41,87,91,53,87,51,56,64,92,63,91,90,76,35,False,True,1.0,False,1.0,2.0,False,False,False,False,59,22,40,20,23,28,15,45,45,45,15,45,45,45,https://cdn.muthead.com/media/20/assets/lgnd-00052253.png,23,Surtain,52253,13100,2019-11-16T16:45:07.301703Z,46,MIA,True,1,23-12-2019
Michael Pierce,DT,Heavyweights,89,72,339,68,82,64,89,18,92,19,13,13,12,10,13,22,42,87,70,74,12,84,87,57,79,13,72,89,12,78,77,,True,1.0,False,,,False,True,False,False,14,10,10,10,10,10,30,35,35,36,10,35,34,34,https://cdn.muthead.com/media/20/assets/hvyw-00050822.png,97,Pierce,50822,3570,2019-10-02T14:36:39.969251Z,25,BAL,True,25,23-12-2019
Patrick Surtain,CB,Legends,91,71,195,87,87,87,91,70,59,71,65,69,43,71,80,23,26,39,83,86,51,87,49,54,62,92,61,91,90,74,33,False,True,1.0,False,1.0,2.0,False,False,False,False,59,22,40,20,23,28,15,45,45,45,15,45,45,45,https://cdn.muthead.com/media/20/assets/lgnd-00052254.png,23,Surtain,52254,6840,2019-11-16T16:45:07.301481Z,39,MIA,True,1,23-12-2019
Telvin Smith,ROLB,Series Redux,91,75,215,85,87,86,88,54,61,67,54,56,36,42,52,35,46,84,75,84,13,74,84,53,87,76,84,88,51,93,44,False,True,1.0,True,2.0,3.0,True,False,True,True,48,10,21,10,10,12,17,35,35,35,10,35,35,35,https://cdn.muthead.com/media/20/assets/sigs-00051012.png,50,Smith,99951012,6840,2019-11-01T15:51:33.073123Z,31,JAX,True,42,23-12-2019
Emmanuel Ogbah,LE,Heavyweights,89,76,275,83,86,77,90,23,77,35,17,17,16,16,21,21,19,88,84,80,14,90,78,71,89,36,91,90,17,91,84,,True,1.0,False,,,True,True,False,False,23,10,10,10,10,10,10,35,35,34,10,35,35,35,https://cdn.muthead.com/media/20/assets/hvyw-00050824.png,90,Ogbah,50824,3570,2019-10-09T14:36:39.998977Z,34,KC,False,34,23-12-2019
Avery Williamson,MLB,Signature Series,92,73,246,83,88,79,94,35,77,61,37,33,15,20,12,30,39,83,77,90,14,76,92,56,91,59,86,94,57,95,63,False,True,2.0,False,1.0,,True,True,False,False,25,10,10,10,10,10,10,35,35,35,10,35,35,35,https://cdn.muthead.com/media/20/assets/sigs-00051028.png,54,Williamson,51028,250000,2019-11-14T15:53:43.093133Z,37,NYJ,True,41,23-12-2019
Eddie Jackson,FS,Series Redux,90,72,201,83,85,81,93,64,58,74,69,67,62,55,66,37,38,48,79,84,78,64,52,35,72,81,79,93,76,86,26,True,True,1.0,False,1.0,3.0,False,False,False,False,70,10,47,27,32,42,10,25,28,25,39,25,25,25,https://cdn.muthead.com/media/20/assets/sigs-00051002.png,39,Jackson,99951002,4940,2019-09-20T14:36:44.442927Z,41,CHI,True,17,23-12-2019
Matthew Judon,LOLB,MUT Heroes,90,75,263,79,85,77,84,33,84,43,17,17,14,15,19,21,19,72,77,83,14,80,64,75,87,66,85,84,18,82,88,False,True,,False,,,True,True,False,True,18,10,10,10,10,10,10,35,35,34,10,34,35,35,https://cdn.muthead.com/media/20/assets/hero-00051312.png,99,Judon,51312,4940,2019-10-04T14:36:38.365846Z,28,BAL,True,28,23-12-2019
Kevin Greene,LOLB,Legends,89,75,239,78,80,72,87,45,83,45,24,31,74,21,24,41,25,83,69,86,10,90,78,91,86,51,86,87,32,89,84,False,True,1.0,True,,2.0,True,True,False,True,45,20,74,5,0,5,25,25,45,25,12,25,45,25,https://cdn.muthead.com/media/20/assets/lgnd-00052150.png,91,Greene,52150,3570,2019-09-21T14:36:43.516943Z,32,PIT,True,32,23-12-2019
Justin Simmons,FS,Signature Series,93,74,202,88,91,96,94,52,66,74,48,65,52,50,58,34,43,55,93,95,50,79,74,36,84,82,86,94,68,94,32,False,True,1.0,False,2.0,2.0,False,False,False,False,48,10,37,10,10,12,10,23,10,24,12,23,10,24,https://cdn.muthead.com/media/20/assets/sigs-00051032.png,31,Simmons,51032,250000,2019-11-28T15:36:39.990401Z,45,DEN,True,21,23-12-2019
Patrick Ricard,DT,Out of Position,93,75,311,71,80,74,88,68,94,61,48,41,58,62,57,68,70,93,78,85,15,90,93,68,84,47,86,88,29,90,86,,True,1.0,False,,,False,True,True,False,62,10,64,25,33,48,89,63,75,66,32,45,68,49,https://cdn.muthead.com/media/20/assets/zero-00052703.png,42,Ricard,52703,5350,2019-12-20T15:36:43.683713Z,35,BAL,False,25,23-12-2019
Quinton Dunbar,CB,Series Redux,92,74,197,90,93,86,91,49,63,77,66,68,62,56,62,27,26,45,84,89,74,77,45,32,58,89,37,91,90,70,30,False,False,1.0,False,1.0,3.0,False,False,False,False,53,10,52,43,50,58,10,25,25,25,15,25,25,25,https://cdn.muthead.com/media/20/assets/sigs-00051026.png,23,Dunbar,99951026,9470,2019-12-13T16:37:36.621773Z,41,WAS,True,1,23-12-2019
William Jackson,CB,Signature Series,93,72,196,92,92,87,91,58,58,76,54,70,72,59,71,19,16,49,91,90,58,76,57,26,57,92,76,91,87,76,25,False,True,1.0,False,1.0,3.0,False,False,False,False,63,10,62,10,10,16,10,24,10,23,17,24,10,23,https://cdn.muthead.com/media/20/assets/sigs-00051030.png,22,Jackson,51030,250000,2019-11-21T15:36:45.374270Z,49,CIN,True,1,23-12-2019
Stephon Gilmore,CB,MUT20 Launch Promo,90,73,202,85,88,88,89,52,56,68,50,62,67,35,65,20,12,48,84,90,62,72,46,36,55,92,62,89,88,68,52,True,True,1.0,False,1.0,3.0,False,False,False,False,56,10,57,10,10,10,10,25,25,25,10,25,25,25,https://cdn.muthead.com/media/20/assets/buil-00050306.png,24,Gilmore,50306,4940,2019-08-02T03:46:58.200275Z,119,NE,True,1,23-12-2019
Gerald McCoy,DT,Team of the Week,91,76,300,67,81,72,90,30,89,28,16,16,10,10,10,10,25,91,80,88,14,79,85,70,91,20,83,90,15,82,82,,True,2.0,False,,,True,True,False,True,25,10,10,10,10,10,30,35,35,35,10,35,35,35,https://cdn.muthead.com/media/20/assets/totw-00056092.png,93,McCoy,56092,6840,2019-10-15T18:09:32.953533Z,27,CAR,True,25,23-12-2019
Za'Darius Smith,LOLB,Most Feared,90,76,275,78,82,68,91,35,80,43,17,17,10,10,10,25,19,75,75,81,13,87,66,71,84,44,86,91,14,89,90,False,True,1.0,True,,2.0,False,True,False,True,10,10,10,10,10,10,10,35,35,35,10,35,35,35,https://cdn.muthead.com/media/20/assets/fear-00051626.png,55,Smith,51626,1235,2019-10-25T14:36:45.598229Z,28,GB,True,28,23-12-2019
Brian Urlacher,MLB,Legends,89,76,258,81,81,80,89,65,77,70,54,57,46,55,70,78,40,80,81,87,13,97,82,60,89,67,84,89,58,89,66,True,True,1.0,True,1.0,2.0,True,True,False,False,65,30,46,25,0,25,45,45,45,45,35,45,45,45,https://cdn.muthead.com/media/20/assets/lgnd-00052176.png,54,Urlacher,52176,3570,2019-10-05T14:36:42.358082Z,32,CHI,True,22,23-12-2019
Kyle Fuller,CB,MUT Heroes,90,72,190,89,89,87,86,56,59,68,61,60,45,55,56,30,26,46,88,91,45,87,41,63,60,85,77,86,84,61,49,False,True,2.0,False,1.0,3.0,True,False,False,False,55,10,35,10,10,11,10,25,25,25,30,25,25,25,https://cdn.muthead.com/media/20/assets/hero-00051366.png,23,Fuller,51366,4940,2019-10-04T14:36:38.356554Z,44,CHI,True,37,23-12-2019
Patrick Willis,MLB,Madden Ultimate Team 10,91,73,242,86,86,86,88,66,84,58,41,42,28,30,35,60,30,86,86,90,11,95,86,68,89,65,90,88,58,90,63,True,True,2.0,True,1.0,2.0,True,True,False,True,54,28,39,15,0,15,31,45,45,45,15,45,45,45,https://cdn.muthead.com/media/20/assets/lgnd-00052116.png,52,Willis,52116,250000,2019-08-30T20:04:27.832369Z,37,SF,True,35,23-12-2019
Fabian Moreau,CB,Team of the Week,93,72,198,93,92,88,89,49,70,76,68,71,53,58,62,27,19,52,90,93,44,77,51,41,72,88,76,89,94,70,34,False,True,,False,1.0,2.0,False,False,False,False,58,10,43,10,10,18,10,25,25,25,12,25,25,25,https://cdn.muthead.com/media/20/assets/totw-00056180.png,31,Moreau,56180,250000,2019-11-26T19:06:01.059407Z,54,WAS,False,37,23-12-2019
Ken Houston,SS,Legends,89,75,197,88,86,86,85,70,68,71,61,69,62,62,80,57,44,61,87,88,65,94,58,37,80,78,86,85,66,85,39,False,True,1.0,True,1.0,2.0,True,False,False,False,74,20,62,20,20,20,61,45,45,45,15,45,45,45,https://cdn.muthead.com/media/20/assets/lgnd-00052043.png,27,Houston,52043,3570,2019-07-26T21:56:26.870454Z,42,WAS,True,17,23-12-2019
Jimmy Smith,CB,Ultimate Kickoff,93,74,210,87,89,88,92,59,75,78,43,68,55,55,55,45,45,56,87,90,44,92,42,54,74,93,71,92,97,63,59,False,True,1.0,False,1.0,3.0,False,False,False,False,60,10,45,10,10,12,10,25,25,25,10,25,25,25,https://cdn.muthead.com/media/20/assets/ultk-00051129.png,22,Smith,51129,13100,2019-09-12T14:36:32.460074Z,42,BAL,True,1,23-12-2019
Fletcher Cox,DT,MUT Heroes,91,76,310,74,81,74,87,25,90,24,12,12,10,20,15,25,32,85,68,84,12,76,80,69,87,16,76,87,12,81,91,,True,2.0,True,,,True,True,False,False,15,10,10,10,10,10,31,35,35,35,10,35,35,35,https://cdn.muthead.com/media/20/assets/hero-00051392.png,91,Cox,51392,6840,2019-10-04T14:36:38.354837Z,31,PHI,True,23,23-12-2019
Troy Polamalu,SS,Series Redux,93,70,207,90,92,90,93,69,73,76,60,78,74,63,82,53,64,68,92,93,60,95,66,63,88,79,83,93,71,92,52,True,True,1.0,True,1.0,3.0,True,False,True,False,79,31,77,18,25,31,26,35,35,35,24,35,35,35,https://cdn.muthead.com/media/20/assets/lgnd-00052220.png,43,Polamalu,99952220,13100,2019-12-13T16:37:36.614258Z,52,PIT,True,2,23-12-2019
Calais Campbell,LE,Series Redux,93,80,300,71,81,78,94,35,90,36,15,15,16,10,10,35,30,87,83,90,14,80,93,86,92,15,85,94,29,87,88,,True,1.0,False,,,True,True,True,True,10,10,10,10,10,10,10,35,35,35,10,35,35,35,https://cdn.muthead.com/media/20/assets/fear-20051646.png,93,Campbell,99951646,13100,2019-12-13T16:37:36.620194Z,41,JAX,True,9,23-12-2019
Mel Blount,CB,Legends,89,75,205,85,86,86,87,80,68,71,61,61,45,74,75,42,50,50,88,87,54,66,53,40,66,86,77,87,88,74,45,True,True,2.0,True,1.0,3.0,True,False,False,False,70,26,45,24,33,40,25,25,45,25,65,25,45,25,https://cdn.muthead.com/media/20/assets/lgnd-00052037.png,47,Blount,52037,3570,2019-07-26T21:56:27.078940Z,36,PIT,True,24,23-12-2019
Antoine Bethea,FS,Veterans,89,71,206,84,85,81,91,55,68,68,40,64,20,38,41,18,29,63,85,89,62,75,63,68,79,81,84,91,67,86,41,False,True,1.0,False,1.0,3.0,True,False,False,False,26,10,10,10,10,20,10,25,25,25,22,25,25,25,https://cdn.muthead.com/media/20/assets/vets-00050736.png,41,Bethea,50736,3570,2019-11-22T15:36:39.703815Z,38,NYG,False,17,23-12-2019
Donte Jackson,CB,Series Redux,92,70,180,94,90,94,88,53,48,70,62,64,46,65,69,17,10,44,90,91,80,67,44,32,53,91,61,88,85,71,21,False,False,,False,1.0,3.0,True,False,False,False,59,10,35,10,10,10,10,25,25,25,10,25,25,25,https://cdn.muthead.com/media/20/assets/bltz-00051805.png,26,Jackson,99951805,9470,2019-12-13T16:37:36.618823Z,49,CAR,False,1,23-12-2019
Bradley Chubb,ROLB,Blitz,93,76,269,86,89,80,90,43,93,46,28,26,17,23,28,32,21,92,88,86,14,92,91,90,89,49,92,90,23,91,85,False,True,1.0,True,,2.0,True,True,False,True,29,10,26,10,10,10,10,35,35,35,10,35,35,35,https://cdn.muthead.com/media/20/assets/bltz-00051803.png,55,Chubb,51803,250000,2019-12-01T06:09:32.916266Z,45,DEN,True,29,23-12-2019
Leonard Williams,LE,Heavyweights,91,77,302,72,82,72,90,45,89,35,27,23,15,25,34,40,39,89,76,84,15,85,88,81,91,20,86,90,16,90,91,,True,1.0,False,,,False,True,False,False,28,10,10,10,10,10,10,35,35,35,10,35,35,35,https://cdn.muthead.com/media/20/assets/hvyw-00050840.png,99,Williams,50840,6840,2019-12-04T15:36:40.753634Z,36,NYG,True,34,23-12-2019
Richard Sherman,CB,Ultimate Kickoff,91,75,195,84,85,91,93,56,75,74,57,74,64,65,67,40,41,52,94,95,44,94,47,48,63,87,66,93,92,74,28,True,True,1.0,False,1.0,3.0,True,False,False,False,76,10,54,12,19,29,10,25,25,25,38,25,25,25,https://cdn.muthead.com/media/20/assets/ultk-00051104.png,25,Sherman,51104,6840,2019-09-12T14:36:37.921794Z,46,SF,True,37,23-12-2019
Lamarcus Joyner,FS,MUT Heroes,91,68,190,86,90,84,93,54,54,68,57,61,64,65,72,42,30,58,87,89,70,75,55,53,76,85,82,93,85,85,37,True,True,1.0,False,1.0,3.0,False,False,False,False,70,10,51,10,10,10,10,25,25,25,10,25,25,25,https://cdn.muthead.com/media/20/assets/hero-00051316.png,29,Joyner,51316,6840,2019-10-04T14:36:38.365008Z,42,OAK,True,2,23-12-2019
Kevin Greene,LOLB,Legends,91,75,239,83,85,77,87,45,87,47,26,33,74,21,24,41,25,85,74,90,10,90,80,91,86,52,88,87,34,90,87,False,True,1.0,True,,2.0,True,True,False,True,45,20,74,5,0,5,25,25,45,25,12,25,45,25,https://cdn.muthead.com/media/20/assets/lgnd-00052149.png,91,Greene,52149,6840,2019-09-21T14:36:43.517367Z,37,PIT,True,32,23-12-2019
Lawrence Taylor,ROLB,NFL 100,94,75,237,88,91,86,87,65,89,55,33,32,39,35,30,75,55,91,82,92,15,99,90,91,90,59,92,87,45,93,92,True,True,1.0,True,1.0,2.0,True,True,True,True,45,25,39,10,10,10,25,25,45,25,12,25,45,25,https://cdn.muthead.com/media/20/assets/nfl1-00051909.png,56,Taylor,51909,18200,2019-11-30T02:17:21.978498Z,999,NYG,True,28,23-12-2019
Bruce Smith,RE,Zero Chill,95,76,262,81,89,74,92,40,95,47,38,35,30,65,45,78,55,91,74,92,11,99,93,90,92,24,92,92,26,92,95,,True,1.0,True,,,False,True,True,True,45,15,30,15,15,15,25,25,45,25,28,25,45,25,https://cdn.muthead.com/media/20/assets/zero-00052501.png,78,Smith,52501,10280,2019-12-16T15:36:42.930078Z,56,BUF,True,34,23-12-2019
Devin Bush,MLB,Ghosts of Madden - Future,93,71,234,91,92,86,89,46,74,64,43,38,18,24,31,26,23,78,94,90,18,89,78,66,91,75,94,89,58,93,63,False,True,1.0,True,1.0,2.0,False,False,False,False,26,10,10,10,10,10,12,35,35,35,10,35,35,35,https://cdn.muthead.com/media/20/assets/zero-00052604.png,55,Bush,52604,5350,2019-12-18T15:36:43.192793Z,45,PIT,False,22,23-12-2019
Melvin Ingram III,RE,MUT Heroes,91,74,247,78,84,82,89,49,80,59,40,30,33,29,36,19,45,86,82,84,14,84,80,94,83,42,81,89,14,87,81,,True,,True,,,True,True,True,True,40,10,23,10,10,10,10,35,35,35,10,35,35,35,https://cdn.muthead.com/media/20/assets/hero-00051310.png,54,Ingram III,51310,6840,2019-10-04T14:36:38.366264Z,37,LAC,True,20,23-12-2019
J.J. Watt,LE,Ghosts of Madden - Present,95,77,288,77,82,84,95,57,96,73,65,66,22,23,25,39,50,93,86,94,14,98,89,91,95,18,87,95,14,92,92,,True,1.0,True,,,True,True,True,True,45,10,12,27,33,44,14,35,35,35,52,35,35,35,https://cdn.muthead.com/media/20/assets/zero-00052605.png,99,Watt,52605,10280,2019-12-20T15:36:43.685050Z,49,HOU,True,34,23-12-2019
Desmond Trufant,CB,Series Redux,90,72,190,87,88,91,86,44,57,67,49,59,63,59,67,15,10,54,87,88,46,65,51,35,70,89,38,86,89,76,25,True,True,1.0,False,1.0,3.0,False,False,False,False,64,10,53,10,10,20,10,25,25,25,10,25,25,25,https://cdn.muthead.com/media/20/assets/sigs-00051004.png,21,Trufant,99851004,2470,2019-11-01T15:51:33.074443Z,38,ATL,True,1,23-12-2019
Reggie White,LE,Legends,90,77,291,75,83,68,89,60,90,47,36,30,35,35,30,75,65,85,68,86,10,99,90,83,87,23,86,89,26,86,90,,True,1.0,True,,,False,True,True,True,50,15,35,15,15,15,25,25,45,25,20,25,45,25,https://cdn.muthead.com/media/20/assets/lgnd-00052059.png,92,White,52059,4940,2019-08-03T18:02:24.921857Z,39,PHI,True,34,23-12-2019
Grady Jarrett,DT,Heavyweights,90,72,305,67,81,68,90,30,86,25,15,15,10,10,10,25,10,87,78,85,13,82,89,66,84,20,84,90,13,83,84,,True,1.0,True,,,False,True,False,False,10,10,10,10,10,10,27,35,35,35,10,35,35,35,https://cdn.muthead.com/media/20/assets/hvyw-00050830.png,97,Jarrett,50830,4940,2019-10-30T14:36:44.860960Z,28,ATL,True,25,23-12-2019
Trey Flowers,RE,Flashbacks,89,74,265,74,85,74,89,32,84,27,15,15,15,15,15,42,38,89,82,82,14,88,84,75,86,20,74,89,19,85,90,,True,1.0,False,,,False,True,False,False,10,10,10,10,10,10,10,35,35,35,10,35,35,35,https://cdn.muthead.com/media/20/assets/flsh-00050924.png,98,Flowers,50924,3570,2019-10-07T14:36:41.983813Z,33,NE,True,34,23-12-2019
Chris Jones,DT,Heavyweights,91,78,308,69,83,72,89,19,89,24,15,15,10,11,21,19,23,87,70,79,14,86,82,82,85,18,80,89,14,87,90,,True,,False,,,True,True,False,True,17,10,10,10,10,10,10,35,34,36,10,35,34,34,https://cdn.muthead.com/media/20/assets/hvyw-00050842.png,95,Jones,50842,6840,2019-12-11T15:36:40.913073Z,30,KC,True,23,23-12-2019
Deion Jones,MLB,MUT Heroes,90,73,222,86,87,84,86,46,69,64,39,54,19,22,28,16,17,80,81,81,13,78,64,52,87,76,81,86,46,87,45,True,True,1.0,True,1.0,3.0,True,False,False,True,22,10,10,10,10,10,15,34,35,34,10,33,35,34,https://cdn.muthead.com/media/20/assets/hero-00051391.png,45,Jones,51391,4940,2019-10-04T14:36:38.355063Z,32,ATL,True,22,23-12-2019
Jalen Ramsey,CB,MUT Heroes,91,73,208,88,88,85,87,61,64,65,48,57,68,59,68,35,32,51,89,86,73,86,43,33,66,92,75,87,92,69,27,True,True,1.0,False,1.0,3.0,True,False,False,False,62,24,58,10,14,26,10,24,11,23,17,24,10,23,https://cdn.muthead.com/media/20/assets/hero-00051379.png,20,Ramsey,51379,6840,2019-10-04T14:36:38.355697Z,44,JAX,True,1,23-12-2019
Marcus Davenport,RE,Football Outsiders,89,78,265,84,88,76,80,21,81,23,19,19,23,18,25,27,18,89,81,83,16,89,81,76,94,32,86,80,23,91,84,,True,1.0,False,,,True,True,True,True,16,10,20,10,10,10,10,35,35,35,10,35,35,35,https://cdn.muthead.com/media/20/assets/foot-00051518.png,92,Davenport,51518,3570,2019-11-03T16:29:19.872271Z,36,NO,False,34,23-12-2019
Darnell Dockett,DT,Legends,93,76,290,75,80,73,90,40,91,42,12,13,26,17,26,19,38,89,70,88,11,89,91,79,89,23,81,90,15,86,91,,True,1.0,False,,,True,True,False,False,28,18,30,10,10,10,24,45,45,45,12,45,45,45,https://cdn.muthead.com/media/20/assets/lgnd-00052266.png,90,Dockett,52266,13100,2019-11-23T15:36:39.002874Z,38,ARI,True,23,23-12-2019
Lawrence Taylor,ROLB,Legends,90,75,237,84,87,82,84,65,85,50,28,27,39,35,30,75,55,86,78,88,13,99,85,87,85,55,86,84,40,89,89,True,True,1.0,True,1.0,2.0,True,True,True,True,45,25,39,10,10,10,25,25,45,25,12,25,45,25,https://cdn.muthead.com/media/20/assets/lgnd-00052071.png,56,Taylor,52071,4940,2019-08-10T14:36:26.796308Z,37,NYG,True,28,23-12-2019
Dont'a Hightower,ROLB,MUT Heroes,90,75,265,79,84,76,90,49,81,54,16,16,19,10,15,36,55,91,79,92,14,90,74,60,91,53,91,90,63,84,85,False,True,2.0,True,1.0,2.0,True,True,False,False,25,10,10,10,10,10,19,35,35,35,15,35,35,35,https://cdn.muthead.com/media/20/assets/hero-00051390.png,54,Hightower,51390,4940,2019-10-04T14:36:38.355277Z,30,NE,True,28,23-12-2019
Kareem Jackson,CB,Flashbacks,91,70,185,87,88,84,94,40,59,74,36,61,27,60,70,10,10,48,88,90,40,67,62,35,67,84,77,94,85,83,46,False,True,,False,1.0,3.0,True,False,False,False,60,10,24,10,10,15,10,25,20,25,10,25,20,25,https://cdn.muthead.com/media/20/assets/flsh-00050942.png,25,Jackson,50942,6840,2019-12-09T15:36:42.576554Z,39,HOU,True,24,23-12-2019
Damarious Randall,FS,Series Redux,92,71,196,88,89,89,90,54,67,70,47,61,69,67,74,40,39,51,86,90,62,74,60,52,76,83,65,90,81,90,38,False,True,1.0,False,2.0,3.0,False,False,False,False,71,10,59,10,10,10,10,25,25,25,15,25,25,25,https://cdn.muthead.com/media/20/assets/sigs-00051022.png,23,Randall,99951022,9470,2019-12-13T16:37:36.622672Z,41,CLE,True,17,23-12-2019
Devin White,MLB,Gauntlet I,89,72,237,88,87,78,83,52,73,60,42,47,31,38,48,41,37,83,89,81,16,91,81,68,90,61,89,83,53,92,65,False,True,1.0,False,1.0,2.0,True,True,False,False,44,10,24,10,10,14,13,35,35,35,16,35,35,35,https://cdn.muthead.com/media/20/assets/gaun-00051204.png,45,White,51204,0,2019-09-20T14:36:44.444604Z,35,TB,False,41,23-12-2019
DeForest Buckner,DT,Ultimate Kickoff,93,79,300,72,82,83,91,34,85,37,17,18,18,13,18,23,35,90,79,91,14,88,88,94,89,30,90,91,19,89,84,,True,1.0,True,,,False,False,False,True,28,10,10,10,10,10,28,35,35,34,10,34,36,36,https://cdn.muthead.com/media/20/assets/ultk-00051119.png,99,Buckner,51119,13100,2019-09-12T14:36:34.610596Z,39,SF,True,27,23-12-2019
Deacon Jones,RE,NFL 100,94,77,272,78,86,80,93,65,91,40,34,33,30,10,10,10,45,90,74,91,13,99,91,86,92,28,92,93,33,93,92,,True,1.0,True,,,False,True,True,True,40,30,30,15,15,15,45,45,45,45,15,45,45,45,https://cdn.muthead.com/media/20/assets/nfl1-00051912.png,75,Jones,51912,18200,2019-11-30T02:17:21.977829Z,999,LAR,True,34,23-12-2019
Bryce Callahan,CB,Series Redux,90,69,188,91,90,85,90,51,65,67,46,68,62,63,68,23,17,43,94,85,63,81,60,30,59,86,45,90,74,80,31,False,False,1.0,False,1.0,2.0,False,False,False,False,55,10,52,10,10,20,10,25,25,25,30,25,25,25,https://cdn.muthead.com/media/20/assets/bltz-00051814.png,29,Callahan,99951814,4940,2019-12-13T16:37:36.616770Z,41,DEN,False,24,23-12-2019
Brian Bosworth,MLB,Legends,93,74,255,87,88,85,91,52,88,51,29,36,29,24,33,28,38,90,85,91,11,77,90,63,92,55,90,91,48,91,70,False,True,1.0,True,1.0,,False,False,False,False,31,12,25,5,5,10,18,45,45,45,15,45,45,45,https://cdn.muthead.com/media/20/assets/lgnd-00052246.png,55,Bosworth,52246,250000,2019-11-09T18:07:43.385088Z,40,SEA,True,41,23-12-2019
Nick Bosa,RE,Team of the Week,91,76,266,79,91,86,84,28,84,44,26,22,23,22,28,24,21,87,81,83,17,83,83,86,88,23,89,84,24,86,81,,True,1.0,False,,,True,True,True,False,20,10,11,10,10,10,10,35,35,35,10,35,35,34,https://cdn.muthead.com/media/20/assets/totw-00056122.png,97,Bosa,56122,6840,2019-10-29T18:11:39.932305Z,35,SF,True,20,23-12-2019
Josh Allen,LE,Blitz,91,77,262,85,87,82,87,57,81,71,58,57,35,38,45,42,41,89,80,87,17,91,80,86,87,53,89,87,57,90,73,,True,1.0,False,,,True,True,False,True,43,10,27,26,30,38,10,35,35,35,34,35,35,35,https://cdn.muthead.com/media/20/assets/bltz-00051812.png,41,Allen,51812,6840,2019-11-29T01:19:02.429886Z,36,JAX,False,20,23-12-2019
Ray Lewis,MLB,Most Feared,93,73,250,87,87,83,92,60,87,61,28,32,36,40,50,75,45,89,77,93,11,99,89,65,92,55,92,92,53,91,72,True,True,1.0,True,1.0,2.0,False,False,False,False,55,24,36,15,0,15,25,25,45,25,25,25,45,25,https://cdn.muthead.com/media/20/assets/fear-00051601.png,52,Lewis,51601,13100,2019-10-18T14:36:43.850552Z,40,BAL,True,41,23-12-2019
Brandon Carr,CB,Signature Series,93,72,210,88,92,86,93,50,57,72,56,65,40,64,69,25,25,54,88,95,68,72,57,36,73,90,52,93,97,81,25,False,True,,False,1.0,2.0,False,False,False,False,66,10,30,13,20,30,10,25,25,25,30,25,25,25,https://cdn.muthead.com/media/20/assets/sigs-00051034.png,39,Carr,51034,250000,2019-12-05T15:36:40.236586Z,44,BAL,False,1,23-12-2019
Howie Long,RE,Legends,89,77,270,75,81,64,90,40,84,36,15,18,20,10,10,25,40,88,74,84,10,88,89,81,85,15,84,90,13,89,88,,True,1.0,False,,,False,True,False,False,15,20,20,10,0,10,25,25,45,25,12,25,45,25,https://cdn.muthead.com/media/20/assets/lgnd-00052137.png,75,Long,52137,3570,2019-09-14T14:36:41.794445Z,34,OAK,True,9,23-12-2019
Joe Haden,CB,Team of the Week,92,71,195,88,90,90,93,50,65,80,54,72,70,71,75,10,25,51,92,97,19,83,46,46,56,90,72,93,91,71,53,False,True,,False,2.0,3.0,False,False,False,False,72,10,65,10,10,10,10,25,25,25,15,25,25,25,https://cdn.muthead.com/media/20/assets/totw-00056212.png,23,Haden,56212,9470,2019-12-10T19:20:54.992485Z,44,PIT,True,1,23-12-2019
Keanu Neal,SS,Most Feared,90,73,216,83,84,83,92,55,72,65,38,55,51,53,56,46,38,67,85,87,70,93,65,50,77,79,95,92,79,92,42,False,True,1.0,True,1.0,2.0,True,False,False,False,49,10,36,19,24,34,15,23,10,23,32,23,15,24,https://cdn.muthead.com/media/20/assets/fear-00051627.png,22,Neal,51627,1235,2019-10-25T14:36:45.598008Z,44,ATL,True,21,23-12-2019
Tyrann Mathieu,SS,Flashbacks,90,69,186,87,89,89,88,58,59,77,51,62,76,75,80,45,25,56,83,89,80,85,56,65,76,85,82,88,87,85,37,False,True,2.0,False,2.0,3.0,True,False,False,False,78,23,67,10,15,25,10,25,25,25,15,25,25,25,https://cdn.muthead.com/media/20/assets/flsh-00050932.png,32,Mathieu,50932,4940,2019-11-04T16:13:52.331869Z,38,ARI,True,2,23-12-2019
Devin McCourty,FS,Master ,94,70,195,89,89,89,96,40,61,80,44,60,64,65,67,15,18,65,91,96,74,77,63,43,77,90,68,96,86,87,33,True,True,2.0,False,1.0,3.0,True,False,False,False,55,10,52,10,10,10,12,25,25,25,10,25,25,25,https://cdn.muthead.com/media/20/assets/serm-00050503.png,32,McCourty,50503,18200,2019-11-01T14:36:46.255321Z,50,NE,True,17,23-12-2019
Ryan Kerrigan,LOLB,Harvest,92,76,259,77,83,76,93,35,83,57,15,15,10,10,10,10,15,87,66,96,14,85,82,84,90,46,88,93,15,89,91,False,True,2.0,True,,,True,True,False,False,10,10,10,10,10,10,18,35,35,35,10,35,35,35,https://cdn.muthead.com/media/20/assets/harv-00051708.png,91,Kerrigan,51708,2368,2019-11-21T15:36:45.372560Z,33,WAS,True,28,23-12-2019
Jadeveon Clowney,ROLB,MUT Heroes,92,77,255,85,88,85,91,49,82,42,33,37,32,40,44,50,44,88,87,87,13,79,87,80,84,45,83,91,28,94,90,True,True,,True,,2.0,True,True,False,True,45,10,17,10,10,10,18,35,35,35,10,35,35,35,https://cdn.muthead.com/media/20/assets/hero-00051362.png,90,Clowney,51362,250000,2019-10-09T14:36:39.998763Z,39,SEA,True,28,23-12-2019
Shaquil Barrett,LOLB,Football Outsiders,91,74,250,83,88,84,85,37,73,59,21,21,30,10,37,20,23,91,74,89,15,85,88,89,89,63,88,85,36,91,70,False,True,2.0,False,,2.0,True,False,True,True,10,10,15,10,10,10,14,35,35,35,15,35,35,35,https://cdn.muthead.com/media/20/assets/foot-00051528.png,58,Barrett,51528,6840,2019-12-08T15:36:41.561961Z,35,TB,False,32,23-12-2019
Vita Vea,DT,Most Feared,89,76,347,65,77,69,81,19,93,21,19,15,32,33,49,43,58,93,66,78,13,97,84,56,84,17,91,81,15,85,80,,True,1.0,True,,,False,True,False,False,45,10,36,10,10,10,32,38,42,42,10,35,35,35,https://cdn.muthead.com/media/20/assets/fear-00051604.png,50,Vea,51604,893,2019-10-18T14:36:43.849871Z,25,TB,True,25,23-12-2019
Akiem Hicks,LE,Ultimate Kickoff,90,77,336,61,78,65,96,25,89,26,16,16,10,10,10,25,28,89,78,92,15,73,91,70,87,19,79,96,16,88,88,,True,1.0,True,,,True,True,False,False,17,10,10,10,10,10,10,35,35,35,10,35,35,35,https://cdn.muthead.com/media/20/assets/ultk-00051105.png,96,Hicks,51105,4940,2019-09-12T14:36:37.706875Z,32,CHI,True,9,23-12-2019
Chris McAlister,CB,Theme Diamonds,89,73,206,84,86,83,88,69,68,66,64,64,65,69,74,36,38,49,86,86,54,85,53,40,68,87,70,88,88,77,34,False,True,1.0,False,1.0,3.0,False,False,False,False,79,15,58,15,20,25,15,35,35,35,18,35,35,35,https://cdn.muthead.com/media/20/assets/diam-00050125.png,21,McAlister,50125,3570,2019-08-16T14:36:32.668197Z,33,BAL,True,24,23-12-2019
Nick Bosa,RE,Rookie Premiere,91,76,266,79,91,86,84,28,84,44,26,22,23,22,28,24,21,87,81,83,17,83,83,86,88,23,89,84,24,86,81,,True,1.0,False,,,True,True,True,False,20,10,11,10,10,10,10,35,35,35,10,35,35,34,https://cdn.muthead.com/media/20/assets/prmr-00000097.png,97,Bosa,97,0,2019-07-22T21:59:38.029769Z,35,SF,True,20,23-12-2019
Jaylon Smith,MLB,Series Redux,91,74,240,87,91,86,87,35,73,51,26,31,28,22,37,29,22,81,86,86,15,85,76,72,85,74,92,87,51,91,64,False,True,1.0,True,1.0,2.0,True,False,True,True,37,10,13,10,10,10,12,34,35,34,12,33,35,34,https://cdn.muthead.com/media/20/assets/bltz-00051811.png,54,Smith,99951811,6840,2019-12-13T16:37:36.617446Z,40,DAL,True,22,23-12-2019
Desmond King II,CB,Team of the Week,90,70,201,86,88,92,91,64,70,73,72,73,60,57,73,34,18,48,81,95,85,81,59,35,57,86,66,91,81,83,26,False,True,1.0,False,1.0,3.0,False,False,False,False,67,10,50,10,10,12,10,25,25,25,10,25,25,25,https://cdn.muthead.com/media/20/assets/totw-00056062.png,20,King II,56062,4940,2019-10-01T18:36:02.124692Z,41,LAC,True,24,23-12-2019
Aaron Donald,RE,Series Redux,92,73,280,78,85,77,91,38,93,34,15,39,10,15,18,20,22,87,73,88,12,87,90,89,85,17,78,91,12,90,92,,True,2.0,True,,,True,True,True,True,39,10,10,10,10,10,13,35,35,35,10,35,35,35,https://cdn.muthead.com/media/20/assets/hero-00051349.png,99,Donald,99951349,9470,2019-11-01T15:51:33.071119Z,45,LAR,True,34,23-12-2019
Ed Reed,SS,Legends,91,71,200,90,90,90,87,60,66,80,69,76,86,81,83,40,56,65,87,92,85,84,60,60,78,80,86,87,78,83,43,True,True,1.0,True,1.0,3.0,False,False,False,False,86,28,86,20,0,20,25,25,45,25,20,25,45,25,https://cdn.muthead.com/media/20/assets/lgnd-00052188.png,20,Reed,52188,6840,2019-10-12T14:36:43.568856Z,47,BAL,True,17,23-12-2019
Lavonte David,MLB,Series Redux,92,73,233,83,87,84,90,50,74,72,15,15,15,15,25,29,16,85,85,94,14,89,87,58,91,72,85,90,52,92,52,True,True,1.0,True,2.0,2.0,True,False,False,False,25,10,10,10,10,10,18,35,35,35,15,35,35,35,https://cdn.muthead.com/media/20/assets/sigs-00051024.png,54,David,99951024,9470,2019-12-13T16:37:36.622222Z,35,TB,True,35,23-12-2019
Keith Bulluck,ROLB,Legends,90,75,235,82,83,81,89,69,69,63,51,49,47,36,57,65,30,79,80,86,10,95,83,59,87,83,78,89,56,85,52,False,True,1.0,True,1.0,,True,False,False,False,62,18,47,15,15,15,45,45,45,45,35,45,45,45,https://cdn.muthead.com/media/20/assets/lgnd-00052241.png,53,Bulluck,52241,4940,2019-11-09T18:07:43.386189Z,28,TEN,True,42,23-12-2019
William Jackson,CB,Series Redux,93,72,196,92,92,87,91,58,58,76,54,70,72,59,71,19,16,49,91,90,58,76,57,26,57,92,76,91,87,76,25,False,True,1.0,False,1.0,3.0,False,False,False,False,63,10,62,10,10,16,10,24,10,23,17,24,10,23,https://cdn.muthead.com/media/20/assets/sigs-00051030.png,22,Jackson,99951030,13100,2019-12-13T16:37:36.620874Z,49,CIN,True,1,23-12-2019
Bobby Bell,LOLB,NFL 100,94,76,228,85,89,86,92,62,85,73,65,59,28,25,33,39,33,86,87,92,20,97,86,83,92,77,90,92,66,89,75,False,True,1.0,True,1.0,2.0,True,True,False,False,52,12,36,5,6,10,23,45,45,45,16,45,45,45,https://cdn.muthead.com/media/20/assets/nfl1-00051910.png,78,Bell,51910,18200,2019-11-30T02:17:21.978274Z,999,KC,True,42,23-12-2019
Benardrick McKinney,MLB,Signature Series,93,76,260,85,88,81,96,44,78,55,31,25,15,15,20,37,40,90,91,85,15,92,90,51,93,55,93,96,40,96,61,False,True,1.0,True,2.0,,False,True,False,True,19,10,10,10,10,10,16,35,35,35,10,35,35,35,https://cdn.muthead.com/media/20/assets/sigs-00051036.png,55,McKinney,51036,250000,2019-12-12T15:36:42.304241Z,42,HOU,False,41,23-12-2019
Joey Bosa,LE,Harvest,92,77,280,80,86,86,91,33,86,44,23,26,22,18,23,33,26,90,77,83,14,85,79,96,78,21,83,91,18,84,88,,True,1.0,False,,,True,True,True,True,29,10,12,10,10,10,10,35,35,34,10,34,35,35,https://cdn.muthead.com/media/20/assets/harv-00051707.png,97,Bosa,51707,2368,2019-11-21T15:36:45.372774Z,43,LAC,True,20,23-12-2019
Landon Collins,SS,Flashbacks,89,72,218,85,87,80,90,56,72,68,50,56,64,42,70,47,55,68,82,86,30,88,63,57,82,72,95,90,78,88,42,False,True,2.0,True,2.0,2.0,False,False,False,False,66,19,49,10,10,10,15,25,25,25,10,25,25,25,https://cdn.muthead.com/media/20/assets/flsh-00050922.png,21,Collins,50922,3570,2019-09-30T14:36:34.722738Z,41,NYG,False,21,23-12-2019
Demario Davis,ROLB,Flashbacks,90,74,248,82,85,77,93,52,81,53,15,15,30,10,15,35,35,82,83,81,13,72,81,58,85,66,88,93,34,88,51,False,True,1.0,True,1.0,,False,False,False,False,10,10,15,10,10,10,14,35,35,35,10,35,35,35,https://cdn.muthead.com/media/20/assets/flsh-00050930.png,56,Davis,50930,4940,2019-10-28T14:36:42.751946Z,27,NYJ,True,29,23-12-2019
Fabian Moreau,CB,Series Redux,93,72,198,93,92,88,89,49,70,76,68,71,53,58,62,27,19,52,90,93,44,77,51,41,72,88,76,89,94,70,34,False,True,,False,1.0,2.0,False,False,False,False,58,10,43,10,10,18,10,25,25,25,12,25,25,25,https://cdn.muthead.com/media/20/assets/totw-00056180.png,31,Moreau,99956180,13100,2019-12-13T16:37:36.612185Z,54,WAS,False,37,23-12-2019
Mario Addison,RE,Heavyweights,91,75,260,78,84,81,88,45,75,40,43,43,15,45,45,39,25,90,73,80,15,80,76,92,88,35,82,88,21,89,77,,True,1.0,False,,,True,False,True,True,32,10,10,14,20,30,10,35,35,35,15,35,35,35,https://cdn.muthead.com/media/20/assets/hvyw-00050836.png,97,Addison,50836,6840,2019-11-20T15:44:19.424368Z,34,CAR,False,20,23-12-2019
