name,position,program,OVR,HT,WT,SPD,ACC,AGI,AWR,CAR,STR,CTH,CIT,SPC,ELU,SPM,JKM,SFA,TRK,IMP,JMP,STA,KR,TGH,BCV,BSK,BTK,DRR,MRR,SRR,LBK,RBF,RBK,RBP,RLS,PBF,PBK,PBP,trait_clutch,trait_high_motor,trait_penalty,trait_aggressive_catches,trait_covers_the_ball,trait_drops_open_passes,trait_fights_for_extra_yards,trait_makes_sideline_catches,trait_possession_catches,trait_rac_catches,BKS,FNM,TAK,MCV,POW,PRC,PRS,PUR,PWM,image,jersey_number,last_name,player_id,quicksell_amount,release_date,salary_cap_cost,team,has_power_up,archetype_id,date_scraped
Anthony Castonzo,LT,Zero Chill,90,79,311,62,78,74,91,25,88,25,20,15,10,10,10,10,10,88,73,86,10,81,10,10,10,10,10,10,91,85,89,93,25,80,80,82,,True,1.0,,,,,,,,30,20,32,10,25,20,10,25,30,https://cdn.muthead.com/media/20/assets/zero-00052505.png,74,Castonzo,52505,2020,2019-12-16T15:36:42.929198Z,23,IND,True,15,Dec23-2019
Adrian Peterson,HB,Zero Chill,91,73,220,90,90,89,92,86,79,60,53,42,84,79,90,90,88,26,89,89,42,98,87,12,89,46,54,61,28,19,40,19,57,22,44,28,False,True,1.0,False,4.0,False,True,False,False,False,25,10,32,10,10,18,10,30,10,https://cdn.muthead.com/media/20/assets/zero-00052801.png,26,Peterson,52801,1710,2019-12-16T15:36:42.926983Z,180,WAS,False,30,Dec23-2019
Gardner Minshew II,QB,Zero Chill,85,73,225,75,85,79,79,63,61,16,10,10,56,54,72,35,36,15,81,96,10,91,68,78,55,10,10,10,10,10,13,12,10,10,10,10,False,,1.0,,,,,,,,14,10,21,10,21,10,10,22,10,https://cdn.muthead.com/media/20/assets/zero-00052528.png,15,Minshew II,52528,396,2019-12-23T15:36:43.666604Z,40,JAX,False,40,Dec23-2019
Walter Payton,HB,Zero Chill,95,70,200,93,93,94,91,91,83,75,73,72,91,89,92,93,92,59,92,96,81,99,89,81,95,74,67,73,51,52,60,54,75,60,66,59,True,True,1.0,False,3.0,False,True,False,False,False,31,21,31,12,15,11,15,10,30,https://cdn.muthead.com/media/20/assets/zero-00052519.png,34,Payton,52519,10280,2019-12-23T15:36:43.668592Z,74,CHI,True,26,Dec23-2019
Christian McCaffrey,HB,Zero Chill,94,71,202,91,92,96,90,88,71,84,78,79,91,91,93,75,54,40,88,95,87,82,86,14,84,68,77,85,42,17,33,17,76,27,56,31,True,True,1.0,False,5.0,False,True,True,False,False,22,10,26,10,17,18,10,34,10,https://cdn.muthead.com/media/20/assets/zero-00052502.png,22,McCaffrey,52502,7430,2019-12-16T15:36:42.929856Z,57,CAR,True,33,Dec23-2019
Jason Kelce,C,Zero Chill,94,75,295,73,82,74,96,30,84,30,10,10,14,10,10,10,10,89,71,85,10,65,10,10,10,10,10,10,93,96,97,94,10,90,87,83,,True,1.0,,,,,,,,45,25,47,15,45,30,10,48,35,https://cdn.muthead.com/media/20/assets/zero-00052520.png,62,Kelce,52520,7430,2019-12-23T15:36:43.668377Z,30,PHI,True,38,Dec23-2019
Jordan Reed,TE,Zero Chill,90,74,246,83,86,86,92,79,65,92,86,87,76,77,83,64,70,65,84,89,17,72,90,36,77,76,82,85,50,63,64,55,82,55,62,61,False,False,1.0,False,5.0,False,True,True,False,True,30,10,35,10,10,10,10,32,10,https://cdn.muthead.com/media/20/assets/zero-00052523.png,86,Reed,52523,2020,2019-12-23T15:36:43.667719Z,41,WAS,True,3,Dec23-2019
Amari Cooper,WR,Zero Chill,92,73,225,90,88,94,89,73,66,89,86,87,87,83,88,67,60,50,87,89,74,82,86,18,83,86,90,88,31,29,49,32,88,16,31,16,True,True,1.0,True,5.0,False,True,True,True,True,25,10,15,10,10,10,10,29,10,https://cdn.muthead.com/media/20/assets/zero-00052802.png,19,Cooper,52802,2367,2019-12-16T15:36:42.926746Z,113,DAL,True,8,Dec23-2019
Tyrell Williams,WR,Zero Chill,86,76,205,88,89,91,81,71,66,79,87,83,67,70,79,58,51,53,89,85,49,77,79,12,72,81,80,77,27,26,43,33,76,19,39,19,False,True,1.0,False,5.0,False,True,True,True,True,30,10,32,10,10,15,15,32,10,https://cdn.muthead.com/media/20/assets/zero-00052509.png,16,Williams,52509,547,2019-12-16T15:36:42.928311Z,37,OAK,False,10,Dec23-2019
Mike McGlinchey,RT,Zero Chill,87,80,312,67,76,71,83,23,86,18,10,10,10,10,10,10,12,82,68,83,10,95,10,10,10,10,10,10,84,87,89,90,10,77,79,79,,True,1.0,,,,,,,,22,10,22,10,28,10,10,17,10,https://cdn.muthead.com/media/20/assets/zero-00052526.png,69,McGlinchey,52526,760,2019-12-23T15:36:43.667062Z,21,SF,False,15,Dec23-2019
Taysom Hill,TE,Out of Position,91,74,221,90,88,84,93,84,75,89,88,82,86,87,91,77,84,76,92,90,80,85,92,72,86,67,75,83,63,63,72,65,84,59,66,62,False,True,1.0,False,5.0,False,True,False,False,True,52,43,55,43,66,10,35,66,34,https://cdn.muthead.com/media/20/assets/zero-00052704.png,7,Hill,52704,2790,2019-12-20T15:36:43.683477Z,47,NO,False,3,Dec23-2019
Joe Webb III,WR,Out of Position,89,76,235,89,92,93,84,88,69,87,82,90,90,89,90,49,78,45,96,87,90,72,87,69,87,77,78,86,35,35,41,35,88,35,40,40,False,False,1.0,False,5.0,False,False,False,False,False,15,10,23,10,10,10,10,37,10,https://cdn.muthead.com/media/20/assets/zero-00052705.png,5,Webb III,52705,1460,2019-12-20T15:36:43.683112Z,43,HOU,False,5,Dec23-2019
Kordell Stewart,HB,Out of Position,95,73,218,92,94,93,90,92,69,79,82,84,94,88,94,78,71,31,91,92,61,89,88,89,90,81,76,79,20,32,39,38,77,20,28,24,False,True,1.0,False,5.0,False,True,False,False,False,38,10,42,35,39,33,29,46,10,https://cdn.muthead.com/media/20/assets/zero-00052902.png,10,Stewart,52902,250000,2019-12-22T15:36:44.387419Z,64,PIT,False,26,Dec23-2019
Cooper Kupp,WR,Signature Series,92,74,208,86,89,92,92,79,63,91,85,87,81,76,84,77,54,52,74,92,82,85,86,12,82,85,90,89,32,26,49,30,81,32,44,37,False,True,1.0,True,5.0,False,True,True,False,True,18,10,21,10,16,12,10,21,10,https://cdn.muthead.com/media/20/assets/sigs-00051025.png,18,Kupp,51025,250000,2019-11-07T15:58:04.743772Z,43,LAR,True,8,23-12-2019
Trent Williams,LT,Heavyweights,90,77,320,71,77,70,90,30,90,10,10,41,10,10,10,10,10,88,62,80,10,98,10,10,10,10,10,10,85,88,87,84,10,86,87,90,,True,,,,,,,,,22,10,22,10,50,10,10,21,10,https://cdn.muthead.com/media/20/assets/hvyw-00050831.png,71,Williams,50831,4940,2019-11-06T16:58:58.428939Z,24,WAS,True,15,23-12-2019
Jon Runyan,RT,Theme Diamonds,89,79,330,60,69,50,87,40,88,29,19,24,18,14,19,33,31,88,42,84,10,97,24,22,18,15,20,25,83,86,89,88,17,81,85,87,,True,1.0,,,,,,,,30,14,30,14,34,26,10,36,28,https://cdn.muthead.com/media/20/assets/diam-00050113.png,69,Runyan,50113,3570,2019-08-16T14:36:35.233117Z,22,PHI,True,15,23-12-2019
Mitch Morse,C,MUT Heroes,90,78,305,65,73,64,89,30,89,30,10,10,10,10,10,20,10,92,73,79,10,85,10,10,10,10,10,10,91,81,82,83,10,83,87,90,,True,1.0,,,,,,,,10,10,20,10,10,10,10,10,10,https://cdn.muthead.com/media/20/assets/hero-00051307.png,60,Morse,51307,4940,2019-10-04T14:36:38.366886Z,22,BUF,True,39,23-12-2019
Chris Godwin,WR,Team of the Week,91,73,205,89,90,85,87,66,70,92,88,89,78,72,80,62,78,40,86,91,46,87,82,12,77,87,89,87,20,17,51,20,87,17,54,17,False,True,1.0,True,5.0,False,True,True,True,True,18,10,17,10,23,10,10,22,10,https://cdn.muthead.com/media/20/assets/totw-00056060.png,12,Godwin,56060,250000,2019-10-01T18:36:02.125238Z,47,TB,False,10,23-12-2019
Andrew Luck,QB,M20 Tribute,92,76,240,82,84,82,94,55,72,47,34,43,65,60,64,25,51,10,84,95,10,97,84,80,63,25,35,45,10,10,11,10,16,10,12,10,True,,1.0,,,,,,,,10,10,11,10,10,15,10,14,10,https://cdn.muthead.com/media/20/assets/trib-00000008.png,12,Luck,8,250000,2019-08-27T14:36:35.144816Z,66,IND,True,16,23-12-2019
Jerry Rice,WR,NFL 100,95,74,200,91,91,91,94,87,60,95,92,91,90,86,89,70,56,49,89,95,73,99,91,27,88,88,93,94,43,45,53,41,90,41,43,39,True,True,1.0,True,6.0,False,False,True,True,True,29,10,38,25,15,32,15,35,10,https://cdn.muthead.com/media/20/assets/nfl1-00051952.png,80,Rice,51952,25200,2019-12-21T02:18:23.776367Z,999,SF,True,8,23-12-2019
Davante Adams,WR,Series Redux,90,73,215,84,87,85,91,70,58,87,89,87,75,75,82,69,57,39,88,86,39,74,83,12,74,85,86,87,19,14,43,14,92,14,32,14,True,False,1.0,True,5.0,False,True,True,True,True,42,10,32,10,10,16,15,34,10,https://cdn.muthead.com/media/20/assets/sigs-00051003.png,17,Adams,99951003,4940,2019-09-20T14:36:44.442509Z,40,GB,True,8,23-12-2019
Drew Brees,QB,MUT Heroes,91,71,209,66,70,66,94,58,51,28,10,10,25,37,62,19,14,16,73,93,10,96,45,33,28,10,10,10,10,10,11,10,10,10,15,10,True,,2.0,,,,,,,,16,10,16,10,10,22,10,15,10,https://cdn.muthead.com/media/20/assets/hero-00051376.png,9,Brees,51376,6840,2019-10-04T14:36:38.356343Z,40,NO,True,4,23-12-2019
LeVeon Bell,HB,Series Redux,93,73,225,87,90,93,87,87,75,75,77,72,86,91,94,91,89,45,90,92,19,81,94,14,90,65,74,81,47,37,45,40,73,39,61,45,True,False,1.0,False,4.0,False,True,True,False,False,44,29,45,10,35,15,10,35,22,https://cdn.muthead.com/media/20/assets/fear-00051648.png,26,Bell,99951648,13100,2019-11-01T15:51:33.070222Z,53,NYJ,True,26,23-12-2019
Marcus Gilbert,RT,Heavyweights,90,78,330,52,72,61,95,19,88,15,10,10,12,10,10,10,10,88,72,83,10,72,10,10,10,10,10,10,88,81,82,83,10,88,88,86,,True,,,,,,,,,23,10,29,10,20,11,10,20,10,https://cdn.muthead.com/media/20/assets/hvyw-00050833.png,76,Gilbert,50833,4940,2019-11-13T15:46:05.535990Z,22,ARI,True,7,23-12-2019
Tarik Cohen,HB,Most Feared,90,66,179,88,89,93,80,77,57,73,68,69,92,90,94,59,61,27,73,84,88,79,80,18,85,57,68,72,29,16,24,19,62,16,45,20,False,True,1.0,False,5.0,False,False,True,False,False,12,10,16,10,14,10,10,21,10,https://cdn.muthead.com/media/20/assets/fear-00051624.png,29,Cohen,51624,1235,2019-10-25T14:36:45.598669Z,43,CHI,True,26,23-12-2019
Randall Cunningham,QB,Legends,89,76,212,83,80,89,86,66,62,70,40,45,83,82,83,61,39,45,86,88,14,85,84,89,81,32,32,32,45,35,28,35,25,32,32,32,True,,1.0,,,,,,,,41,10,40,11,12,19,10,52,10,https://cdn.muthead.com/media/20/assets/lgnd-00052262_Pq8mG10.png,7,Cunningham,52262,3570,2019-11-23T15:36:39.003766Z,56,MIN,True,40,23-12-2019
Jordan Reed,TE,Zero Chill,90,74,246,83,86,86,92,79,65,92,86,87,76,77,83,64,70,65,84,89,17,72,90,36,77,76,82,85,50,63,64,55,82,55,62,61,False,False,1.0,False,5.0,False,True,True,False,True,30,10,35,10,10,10,10,32,10,https://cdn.muthead.com/media/20/assets/zero-00052523.png,86,Reed,52523,2020,2019-12-23T15:36:43.667719Z,41,WAS,True,3,23-12-2019
Robby Anderson,WR,Blitz,91,75,190,93,89,83,89,76,58,90,84,90,77,78,85,60,47,41,85,88,65,78,84,12,77,90,86,86,21,29,41,35,84,20,33,22,False,False,1.0,True,5.0,False,False,True,True,True,16,10,11,10,10,15,10,28,10,https://cdn.muthead.com/media/20/assets/bltz-00051810.png,11,Anderson,51810,6840,2019-11-29T01:19:02.430326Z,55,NYJ,False,10,23-12-2019
Donald Driver,WR,Series Redux,93,72,194,90,90,87,92,76,71,90,89,90,88,85,89,64,60,47,85,91,70,88,91,13,87,91,90,89,43,43,52,41,90,34,47,36,False,True,1.0,True,6.0,False,True,True,True,True,40,10,28,10,15,26,15,45,10,https://cdn.muthead.com/media/20/assets/lgnd-00052233.png,80,Driver,99952233,13100,2019-12-13T16:37:36.614030Z,52,GB,True,8,23-12-2019
Odell Beckham Jr,WR,Harvest,92,71,198,90,90,94,88,67,49,90,85,92,89,83,92,72,37,44,92,91,76,94,92,13,79,87,87,90,17,27,50,33,86,20,46,20,True,False,1.0,True,5.0,False,True,True,False,True,35,10,30,10,10,12,35,29,10,https://cdn.muthead.com/media/20/assets/harv-00051704.png,13,Beckham Jr,51704,2368,2019-11-21T15:36:45.373417Z,52,CLE,True,10,23-12-2019
Clinton Portis,HB,Legends,90,71,218,85,86,85,87,87,72,65,62,59,89,83,90,83,78,56,81,88,52,89,90,39,87,59,54,60,45,42,49,46,55,53,61,54,False,True,1.0,False,5.0,False,True,False,False,False,26,10,26,12,20,13,20,45,10,https://cdn.muthead.com/media/20/assets/lgnd-00052222.png,26,Portis,52222,4940,2019-11-02T14:36:44.031691Z,40,WAS,True,26,23-12-2019
Dallas Clark,TE,Legends,92,75,252,84,86,81,92,78,68,92,92,89,75,61,74,80,70,63,81,90,14,75,86,20,78,81,90,89,57,58,56,62,83,63,56,60,True,True,1.0,False,5.0,False,True,True,True,True,36,10,36,12,20,18,20,42,10,https://cdn.muthead.com/media/20/assets/lgnd-00052234.png,44,Clark,52234,9470,2019-11-09T18:07:43.387720Z,47,IND,True,3,23-12-2019
Mark Ingram II,HB,Series Redux,91,69,215,86,89,85,92,90,80,67,63,61,76,80,90,85,91,41,78,90,40,95,86,12,90,52,58,65,37,25,41,25,59,34,60,38,True,True,1.0,False,5.0,False,True,False,False,False,10,10,15,10,20,10,10,25,10,https://cdn.muthead.com/media/20/assets/totw-00056045.png,21,Ingram II,99956045,6840,2019-11-01T15:51:33.068456Z,46,BAL,True,30,23-12-2019
Andrew Luck,QB,Series Redux,92,76,240,82,84,82,94,55,72,47,34,43,65,60,64,25,51,10,84,95,10,97,84,80,63,25,35,45,10,10,11,10,16,10,12,10,True,,1.0,,,,,,,,10,10,11,10,10,15,10,14,10,https://cdn.muthead.com/media/20/assets/trib-00000008.png,12,Luck,99900008,9470,2019-09-20T14:36:44.443767Z,66,IND,True,16,23-12-2019
Devin Hester,WR,NFL 100,94,71,190,95,94,95,89,86,57,80,78,83,92,91,92,64,51,34,89,91,94,75,91,45,93,84,75,81,37,40,36,38,77,28,29,31,False,False,1.0,False,6.0,True,False,False,False,False,44,25,40,61,30,42,52,64,20,https://cdn.muthead.com/media/20/assets/nfl1-00051926.png,23,Hester,51926,18200,2019-12-07T02:20:53.334587Z,999,CHI,True,47,23-12-2019
Michael Thomas,WR,Most Feared,91,75,212,85,88,87,93,69,71,92,91,90,71,72,82,76,52,39,86,94,19,82,82,13,76,84,89,91,19,25,46,32,89,14,34,14,True,True,1.0,True,5.0,False,True,True,True,True,12,10,17,10,10,10,10,10,10,https://cdn.muthead.com/media/20/assets/fear-00051602.png,13,Thomas,51602,1710,2019-10-18T14:36:43.850319Z,48,NO,True,5,23-12-2019
Tyler Boyd,WR,MUT Heroes,90,74,203,86,89,84,91,76,60,93,86,87,74,72,77,38,36,44,85,88,70,76,83,12,71,81,87,87,24,24,46,31,80,15,43,16,False,False,1.0,True,5.0,False,False,True,True,True,29,10,14,10,10,11,10,27,10,https://cdn.muthead.com/media/20/assets/hero-00051377.png,83,Boyd,51377,4940,2019-10-04T14:36:38.356120Z,42,CIN,True,8,23-12-2019
LeVeon Bell,HB,Most Feared,93,73,225,87,90,93,87,87,75,75,77,72,86,91,94,91,89,45,90,92,19,81,94,14,90,65,74,81,47,37,45,40,73,39,61,45,True,False,1.0,False,4.0,False,True,True,False,False,44,29,45,10,35,15,10,35,22,https://cdn.muthead.com/media/20/assets/fear-00051648.png,26,Bell,51648,250000,2019-10-21T03:35:04.505078Z,53,NYJ,True,26,23-12-2019
Dalvin Cook,HB,Blitz,92,70,210,90,91,93,84,88,73,66,61,58,88,86,90,81,75,29,74,89,64,81,87,12,90,53,59,66,31,28,35,26,51,24,63,29,False,True,1.0,False,5.0,False,True,False,False,False,15,10,18,10,19,10,10,28,10,https://cdn.muthead.com/media/20/assets/bltz-00051807.png,33,Cook,51807,9470,2019-11-29T01:19:02.430996Z,50,MIN,True,26,23-12-2019
Tony Gonzalez,TE,NFL 100,94,77,243,87,88,87,91,90,74,94,93,92,75,75,83,76,68,64,93,93,23,90,82,22,75,84,91,92,61,64,66,67,85,56,57,59,False,True,1.0,True,6.0,False,True,True,True,True,34,10,45,19,25,15,25,49,10,https://cdn.muthead.com/media/20/assets/nfl1-00051939.png,88,Gonzalez,51939,18200,2019-12-14T16:59:08.374456Z,59,KC,True,3,23-12-2019
Gale Sayers,HB,Legends,91,72,198,90,90,90,82,83,70,67,64,63,90,81,89,78,75,44,85,88,89,93,92,45,89,49,54,66,30,36,47,41,58,31,51,37,True,True,1.0,False,4.0,False,True,False,False,False,31,21,38,20,33,12,18,37,30,https://cdn.muthead.com/media/20/assets/lgnd-00052117.png,40,Sayers,52117,6840,2019-09-07T14:36:28.958071Z,43,CHI,True,26,23-12-2019
Mark Andrews,TE,Blitz,90,77,253,85,89,74,87,78,79,88,85,84,76,71,83,82,75,79,77,85,18,76,87,10,65,80,83,83,61,73,73,80,70,64,65,60,False,True,,True,5.0,False,True,False,False,True,18,10,17,10,15,10,10,22,10,https://cdn.muthead.com/media/20/assets/bltz-00051815.png,89,Andrews,51815,4940,2019-11-29T01:19:02.429225Z,42,BAL,False,3,23-12-2019
Matt Birk,C,Theme Diamonds,89,76,310,63,73,63,89,40,86,29,18,23,15,13,18,36,32,80,47,88,10,97,28,19,24,5,10,15,82,87,86,83,12,88,87,85,,True,1.0,,,,,,,,28,18,28,10,30,21,10,34,10,https://cdn.muthead.com/media/20/assets/diam-00050132.png,78,Birk,50132,3570,2019-08-16T14:36:31.105021Z,22,MIN,True,39,23-12-2019
Joe Webb III,WR,Out of Position,89,76,235,89,92,93,84,88,69,87,82,90,90,89,90,49,78,45,96,87,90,72,87,69,87,77,78,86,35,35,41,35,88,35,40,40,False,False,1.0,False,5.0,False,False,False,False,False,15,10,23,10,10,10,10,37,10,https://cdn.muthead.com/media/20/assets/zero-00052705.png,5,Webb III,52705,1460,2019-12-20T15:36:43.683112Z,43,HOU,False,5,23-12-2019
Marvin Harrison,WR,Legends,89,72,175,89,90,87,88,64,44,85,78,82,85,75,85,46,38,28,81,90,51,70,80,20,74,85,87,85,29,29,29,28,83,26,24,25,True,True,1.0,True,3.0,False,False,True,True,True,16,10,16,23,15,21,15,15,10,https://cdn.muthead.com/media/20/assets/lgnd-00052013.png,88,Harrison,52013,3570,2019-07-26T21:56:27.928184Z,37,IND,True,8,23-12-2019
Robby Anderson,WR,Series Redux,91,75,190,93,89,83,89,76,58,90,84,90,77,78,85,60,47,41,85,88,65,78,84,12,77,90,86,86,21,29,41,35,84,20,33,22,False,False,1.0,True,5.0,False,False,True,True,True,16,10,11,10,10,15,10,28,10,https://cdn.muthead.com/media/20/assets/bltz-00051810.png,11,Anderson,99951810,6840,2019-12-13T16:37:36.617673Z,55,NYJ,False,10,23-12-2019
Kellen Winslow,TE,Series Redux,91,77,251,82,81,83,88,75,66,90,89,90,76,64,74,75,72,68,87,87,15,99,80,25,80,80,85,91,62,63,61,67,80,67,60,64,True,True,1.0,True,5.0,False,True,True,False,True,45,10,55,15,12,16,10,55,10,https://cdn.muthead.com/media/20/assets/lgnd-00052077.png,80,Winslow,99952077,6840,2019-09-20T14:36:44.439170Z,42,LAC,True,3,23-12-2019
Jameis Winston,QB,Flashbacks,91,76,231,78,80,79,85,60,74,39,10,10,77,71,73,73,66,10,77,95,10,93,81,95,73,10,10,10,22,17,29,20,10,10,10,10,False,,1.0,,,,,,,,35,10,35,10,18,10,10,40,10,https://cdn.muthead.com/media/20/assets/flsh-00050935.png,3,Winston,50935,6840,2019-11-18T15:54:51.232690Z,58,TB,False,16,23-12-2019
Aaron Rodgers,QB,Series Redux,92,74,225,77,81,80,91,59,56,37,10,10,61,51,49,16,26,10,68,96,10,98,74,86,62,10,10,10,10,10,10,10,10,10,10,10,True,,1.0,,,,,,,,10,10,10,10,10,15,10,14,10,https://cdn.muthead.com/media/20/assets/totw-00056105.png,12,Rodgers,99956105,9470,2019-12-13T16:37:36.613351Z,62,GB,True,16,23-12-2019
Kellen Winslow,TE,Legends,91,77,251,82,81,83,88,75,66,90,89,90,76,64,74,75,72,68,87,87,15,99,80,25,80,80,85,91,62,63,61,67,80,67,60,64,True,True,1.0,True,5.0,False,True,True,False,True,45,10,55,15,12,16,10,55,10,https://cdn.muthead.com/media/20/assets/lgnd-00052077.png,80,Winslow,52077,250000,2019-08-10T14:36:25.520595Z,42,LAC,True,3,23-12-2019
Keenan Allen,WR,Team of the Week,90,74,211,85,89,90,89,73,67,90,89,85,71,75,82,69,66,59,89,92,72,83,91,12,76,81,85,86,39,14,53,19,92,28,39,33,True,True,1.0,True,5.0,False,True,True,False,True,25,10,24,10,10,16,10,25,10,https://cdn.muthead.com/media/20/assets/totw-00056046.png,13,Allen,56046,4940,2019-09-24T18:22:56.256440Z,40,LAC,True,36,23-12-2019
Sammy Watkins,WR,Series Redux,91,73,211,89,89,86,91,74,65,89,86,90,87,88,91,73,59,37,85,93,82,86,92,12,84,86,88,86,17,28,44,34,85,17,30,17,False,False,1.0,False,5.0,False,True,True,True,True,30,10,15,10,10,10,10,25,10,https://cdn.muthead.com/media/20/assets/totw-00056015.png,14,Watkins,99956015,6840,2019-09-20T14:36:44.437021Z,45,KC,False,10,23-12-2019
Tevin Coleman,HB,Series Redux,92,73,210,92,90,91,87,89,66,67,68,68,86,86,94,79,81,36,82,88,78,84,87,13,80,53,61,67,38,31,41,32,54,37,55,41,False,False,1.0,False,5.0,False,False,True,False,False,19,10,25,10,23,15,10,19,10,https://cdn.muthead.com/media/20/assets/totw-00056120.png,26,Coleman,99956120,9470,2019-12-13T16:37:36.613122Z,55,SF,False,26,23-12-2019
Shaq Mason,RG,Heavyweights,89,73,310,70,79,63,87,35,84,30,10,10,10,10,10,20,15,86,79,79,10,81,10,10,10,10,10,10,87,84,88,91,10,81,84,85,,True,2.0,,,,,,,,10,10,29,10,14,10,10,20,10,https://cdn.muthead.com/media/20/assets/hvyw-00050821.png,69,Mason,50821,3570,2019-10-02T14:36:39.969477Z,23,NE,True,11,23-12-2019
Ezekiel Elliott,HB,Signature Series,92,72,225,87,88,92,92,85,78,70,65,63,85,86,90,89,83,57,91,91,57,96,94,10,90,50,56,63,59,26,40,27,52,26,52,31,True,True,2.0,False,5.0,False,True,False,False,False,22,11,49,10,32,10,10,38,10,https://cdn.muthead.com/media/20/assets/sigs-00051023.png,21,Elliott,51023,250000,2019-10-31T14:36:40.795398Z,45,DAL,True,26,23-12-2019
Carson Wentz,QB,Signature Series,92,77,237,80,86,82,88,61,71,28,10,10,78,47,70,54,66,16,68,90,10,97,83,89,72,10,10,10,10,10,10,10,10,10,10,10,False,,1.0,,,,,,,,11,10,20,10,10,11,10,18,10,https://cdn.muthead.com/media/20/assets/sigs-00051027.png,11,Wentz,51027,250000,2019-11-14T15:53:43.093365Z,60,PHI,True,16,23-12-2019
Philip Rivers,QB,Signature Series,90,77,228,61,66,55,92,56,58,12,10,10,22,34,42,24,13,10,41,91,10,99,38,37,24,10,10,10,10,10,10,10,10,10,10,10,False,,,,,,,,,,12,10,12,10,10,16,10,24,10,https://cdn.muthead.com/media/20/assets/sigs-00051005.png,17,Rivers,51005,250000,2019-08-29T14:36:30.655695Z,36,LAC,True,4,23-12-2019
Jason Kelce,C,Signature Series,91,75,295,70,79,71,94,30,81,30,10,10,14,10,10,10,10,86,68,82,10,65,10,10,10,10,10,10,90,93,94,91,10,86,84,79,,True,1.0,,,,,,,,45,25,47,15,45,30,10,48,35,https://cdn.muthead.com/media/20/assets/sigs-00051011.png,62,Kelce,51011,250000,2019-09-19T14:36:39.554595Z,25,PHI,True,38,23-12-2019
Chris Carson,HB,Ultimate Kickoff,93,71,222,87,88,82,94,92,82,62,56,51,78,79,82,92,89,44,91,86,60,78,92,10,93,43,51,57,46,19,34,23,37,28,54,33,False,True,1.0,False,3.0,False,True,False,False,False,16,10,20,10,26,10,10,18,10,https://cdn.muthead.com/media/20/assets/ultk-00051132.png,32,Carson,51132,13100,2019-09-12T14:36:31.815684Z,45,SEA,True,30,23-12-2019
Philip Rivers,QB,Series Redux,90,77,228,61,66,55,92,56,58,12,10,10,22,34,42,24,13,10,41,91,10,99,38,37,24,10,10,10,10,10,10,10,10,10,10,10,False,,,,,,,,,,12,10,12,10,10,16,10,24,10,https://cdn.muthead.com/media/20/assets/sigs-00051005.png,17,Rivers,99951005,4940,2019-09-20T14:36:44.441671Z,36,LAC,True,4,23-12-2019
Matt Ryan,QB,Team of the Week,92,76,217,70,78,67,90,60,61,22,10,10,54,28,61,41,26,20,53,90,10,94,49,64,50,10,10,10,10,10,10,20,10,10,10,15,True,,2.0,,,,,,,,15,10,20,10,10,10,10,20,10,https://cdn.muthead.com/media/20/assets/totw-00056090.png,2,Ryan,56090,250000,2019-10-15T18:09:32.953961Z,50,ATL,True,4,23-12-2019
Jim Brown,HB,Legends,91,74,232,89,88,86,87,89,87,64,59,58,81,78,82,89,87,62,86,90,35,90,86,31,90,47,53,57,53,45,52,49,52,44,63,51,False,True,1.0,False,5.0,False,True,False,False,False,27,10,33,15,29,16,20,32,10,https://cdn.muthead.com/media/20/assets/lgnd-00052169.png,32,Brown,52169,6840,2019-10-05T14:36:42.359559Z,46,CLE,True,30,23-12-2019
Mark Andrews,TE,Series Redux,90,77,253,85,89,74,87,78,79,88,85,84,76,71,83,82,75,79,77,85,18,76,87,10,65,80,83,83,61,73,73,80,70,64,65,60,False,True,,True,5.0,False,True,False,False,True,18,10,17,10,15,10,10,22,10,https://cdn.muthead.com/media/20/assets/bltz-00051815.png,89,Andrews,99951815,4940,2019-12-13T16:37:36.616544Z,42,BAL,False,3,23-12-2019
Jason Kelce,C,Series Redux,91,75,295,70,79,71,94,30,81,30,10,10,14,10,10,10,10,86,68,82,10,65,10,10,10,10,10,10,90,93,94,91,10,86,84,79,,True,1.0,,,,,,,,45,25,47,15,45,30,10,48,35,https://cdn.muthead.com/media/20/assets/sigs-00051011.png,62,Kelce,99951011,6840,2019-11-01T15:51:33.073345Z,25,PHI,True,38,23-12-2019
Ryan Fitzpatrick,QB,Team of the Week,93,74,223,73,82,74,92,64,56,10,10,10,70,49,50,28,29,10,68,91,10,80,72,89,67,10,10,10,20,20,31,29,10,10,10,10,False,,1.0,,,,,,,,10,10,10,10,10,10,10,13,10,https://cdn.muthead.com/media/20/assets/totw-00056195.png,14,Fitzpatrick,56195,250000,2019-12-03T19:14:00.794206Z,58,MIA,False,4,23-12-2019
Jason Kelce,C,Zero Chill,94,75,295,73,82,74,96,30,84,30,10,10,14,10,10,10,10,89,71,85,10,65,10,10,10,10,10,10,93,96,97,94,10,90,87,83,,True,1.0,,,,,,,,45,25,47,15,45,30,10,48,35,https://cdn.muthead.com/media/20/assets/zero-00052520.png,62,Kelce,52520,7430,2019-12-23T15:36:43.668377Z,30,PHI,True,38,23-12-2019
Bo Jackson,HB,Series Redux,91,73,227,90,89,88,86,89,83,58,54,59,87,85,87,84,91,57,87,89,52,97,88,68,89,46,52,58,44,38,46,49,48,45,56,53,False,True,1.0,False,4.0,False,True,False,False,False,35,10,42,12,15,28,15,40,10,https://cdn.muthead.com/media/20/assets/lgnd-00052103.png,34,Jackson,99952103,6840,2019-09-20T14:36:44.438335Z,52,OAK,True,30,23-12-2019
Amari Cooper,WR,Zero Chill,92,73,225,90,88,94,89,73,66,89,86,87,87,83,88,67,60,50,87,89,74,82,86,18,83,86,90,88,31,29,49,32,88,16,31,16,True,True,1.0,True,5.0,False,True,True,True,True,25,10,15,10,10,10,10,29,10,https://cdn.muthead.com/media/20/assets/zero-00052802.png,19,Cooper,52802,2367,2019-12-16T15:36:42.926746Z,113,DAL,True,8,23-12-2019
T.Y. Hilton,WR,Signature Series,91,70,183,89,87,91,90,65,42,88,81,84,91,81,88,51,26,37,82,89,83,84,89,14,82,89,88,90,17,24,43,31,81,14,27,14,True,True,1.0,False,5.0,False,False,True,True,True,25,10,10,10,10,12,10,27,10,https://cdn.muthead.com/media/20/assets/sigs-00051017.png,13,Hilton,51017,250000,2019-10-10T14:36:47.331992Z,42,IND,True,8,23-12-2019
Derek Carr,QB,Ultimate Kickoff,89,75,214,78,83,77,87,56,52,23,10,10,60,57,63,36,32,10,82,87,10,90,63,45,59,10,10,10,10,10,10,10,10,10,10,10,False,,1.0,,,,,,,,10,10,10,10,10,10,10,24,10,https://cdn.muthead.com/media/20/assets/ultk-00051127.png,4,Carr,51127,3570,2019-09-12T14:36:32.889228Z,48,OAK,True,45,23-12-2019
Kyler Murray,QB,Rookie Premiere,90,70,205,90,91,89,79,66,50,40,10,11,86,79,85,47,25,10,60,90,10,84,90,91,64,10,10,10,10,10,10,10,10,10,10,10,False,,1.0,,,,,,,,10,10,12,10,10,10,10,19,10,https://cdn.muthead.com/media/20/assets/prmr-00000091.png,1,Murray,91,0,2019-07-22T21:59:42.587580Z,70,ARI,False,40,23-12-2019
Lamar Jackson,QB,Series Redux,93,74,216,92,93,93,84,68,59,16,10,10,91,86,93,63,45,19,89,89,10,93,97,97,87,10,10,10,11,10,10,10,10,10,10,10,False,,1.0,,,,,,,,10,10,25,10,17,10,10,28,10,https://cdn.muthead.com/media/20/assets/bltz-00051802.png,8,Jackson,99951802,13100,2019-12-13T16:37:36.619518Z,82,BAL,True,40,23-12-2019
Bo Jackson,HB,Madden Ultimate Team 10,91,73,227,90,89,88,86,89,83,58,54,59,87,85,87,84,91,57,87,89,52,97,88,68,89,46,52,58,44,38,46,49,48,45,56,53,False,True,1.0,False,4.0,False,True,False,False,False,35,10,42,12,15,28,15,40,10,https://cdn.muthead.com/media/20/assets/lgnd-00052103.png,34,Jackson,52103,250000,2019-08-23T20:41:23.204651Z,52,OAK,True,30,23-12-2019
Michael Vick,QB,Series Redux,92,72,215,88,91,91,90,61,59,65,25,45,82,81,87,56,31,24,83,88,35,85,88,92,79,20,0,35,10,10,24,10,34,10,19,10,False,,1.0,,,,,,,,31,10,31,18,12,25,10,40,10,https://cdn.muthead.com/media/20/assets/lgnd-00052129.png,7,Vick,99952129,9470,2019-09-20T14:36:44.437473Z,74,ATL,True,40,23-12-2019
Marshal Yanda,RG,Gauntlet II,92,75,305,60,79,64,93,30,91,22,10,10,10,10,10,10,15,90,62,83,10,99,10,10,10,10,10,10,80,89,91,92,10,88,89,90,,True,2.0,,,,,,,,15,10,35,10,10,10,10,13,10,https://cdn.muthead.com/media/20/assets/gaun-00051206.png,73,Yanda,51206,0,2019-12-13T15:36:46.974774Z,27,BAL,True,11,23-12-2019
Melvin Gordon III,HB,Master ,93,73,215,89,87,89,94,92,71,66,61,58,88,83,95,90,78,28,82,86,67,78,91,10,90,46,54,61,30,22,32,21,52,25,53,29,False,False,1.0,False,5.0,True,True,False,False,False,30,10,32,10,30,10,10,39,10,https://cdn.muthead.com/media/20/assets/serm-00050502.png,25,Gordon III,50502,13100,2019-09-20T14:36:44.447122Z,52,LAC,True,26,23-12-2019
Randy Moss,WR,NFL 100,95,76,210,94,93,92,90,80,54,93,90,95,83,80,85,69,46,40,95,90,87,87,89,42,78,95,88,89,36,40,39,37,90,33,36,32,True,False,1.0,True,6.0,False,False,True,True,True,40,10,30,13,15,29,15,40,10,https://cdn.muthead.com/media/20/assets/nfl1-00051951.png,84,Moss,51951,25200,2019-12-21T02:18:23.776590Z,999,MIN,True,10,23-12-2019
George Kittle,TE,MUT Heroes,92,76,247,85,86,81,95,77,77,91,83,86,68,60,75,74,77,79,88,86,16,95,83,10,71,77,82,84,67,77,84,82,82,57,63,61,True,True,,False,5.0,False,True,False,True,True,21,10,24,10,28,25,10,26,10,https://cdn.muthead.com/media/20/assets/hero-00051388.png,85,Kittle,51388,250000,2019-10-11T14:36:49.094133Z,44,SF,True,3,23-12-2019
Kirk Cousins,QB,Football Outsiders,91,75,202,77,83,70,92,54,52,12,10,10,44,42,49,28,25,10,76,94,10,90,55,40,46,10,10,10,10,10,10,10,10,10,10,10,False,,1.0,,,,,,,,10,10,28,10,17,10,10,27,10,https://cdn.muthead.com/media/20/assets/foot-00051527.png,8,Cousins,51527,6840,2019-12-08T15:36:41.562184Z,50,MIN,False,4,23-12-2019
Odell Beckham Jr,WR,MUT20 Launch Promo,89,71,198,87,87,91,85,64,46,87,82,89,86,80,89,69,34,41,89,88,72,94,89,13,76,84,85,86,14,24,47,30,83,17,43,17,True,False,1.0,True,5.0,False,True,True,False,True,35,10,30,10,10,12,35,29,10,https://cdn.muthead.com/media/20/assets/buil-00050302.png,13,Beckham Jr,50302,3570,2019-08-09T20:47:37.843246Z,113,CLE,True,10,23-12-2019
Larry Allen,RG,NFL 100,94,75,335,66,70,62,89,40,95,30,15,15,15,10,10,25,22,93,54,87,10,95,14,15,15,15,15,15,89,91,94,94,15,90,91,92,,True,2.0,,,,,,,,17,10,28,17,20,18,10,12,25,https://cdn.muthead.com/media/20/assets/nfl1-00051940.png,73,Allen,51940,18200,2019-12-14T16:59:08.374238Z,33,DAL,True,11,23-12-2019
Aaron Rodgers,QB,Team of the Week,92,74,225,77,81,80,91,59,56,37,10,10,61,51,49,16,26,10,68,96,10,98,74,86,62,10,10,10,10,10,10,10,10,10,10,10,True,,1.0,,,,,,,,10,10,10,10,10,15,10,14,10,https://cdn.muthead.com/media/20/assets/totw-00056105.png,12,Rodgers,56105,250000,2019-10-22T18:15:19.649857Z,62,GB,True,16,23-12-2019
Chris Lindstrom,RG,Rookie Premiere,93,75,307,76,86,70,93,10,89,16,10,10,10,10,10,17,21,93,76,89,10,87,10,10,10,10,10,10,96,86,89,90,10,87,87,89,,True,1.0,,,,,,,,10,10,22,10,18,10,10,13,10,https://cdn.muthead.com/media/20/assets/prmr-00000095.png,63,Lindstrom,95,0,2019-07-22T21:59:39.157928Z,26,ATL,False,11,23-12-2019
Allen Robinson,WR,Flashbacks,89,75,211,86,89,85,89,79,66,86,87,92,70,67,78,62,59,47,88,87,67,78,79,12,74,80,83,86,27,26,51,33,89,14,32,17,False,True,1.0,True,5.0,False,True,True,True,True,30,10,32,10,10,16,15,34,10,https://cdn.muthead.com/media/20/assets/flsh-00050921.png,15,Robinson,50921,3570,2019-09-30T14:36:34.722967Z,42,JAX,True,5,23-12-2019
Ezekiel Elliott,HB,Series Redux,92,72,225,87,88,92,92,85,78,70,65,63,85,86,90,89,83,57,91,91,57,96,94,10,90,50,56,63,59,26,40,27,52,26,52,31,True,True,2.0,False,5.0,False,True,False,False,False,22,11,49,10,32,10,10,38,10,https://cdn.muthead.com/media/20/assets/sigs-00051023.png,21,Elliott,99951023,9470,2019-12-13T16:37:36.622447Z,45,DAL,True,26,23-12-2019
Emmitt Smith,HB,NFL 100,94,69,210,91,91,93,91,93,75,72,69,65,90,88,90,85,86,61,86,95,53,95,90,91,89,55,60,68,56,55,52,47,60,56,58,57,True,True,1.0,False,4.0,False,True,False,False,False,10,10,40,29,35,40,15,26,10,https://cdn.muthead.com/media/20/assets/nfl1-00051901.png,22,Smith,51901,18200,2019-11-23T02:44:55.325049Z,999,DAL,True,26,23-12-2019
Christian McCaffrey,HB,Series Redux,90,71,202,86,87,92,87,83,67,80,74,75,86,87,89,71,50,38,84,91,83,82,83,14,75,64,73,81,40,15,31,15,72,25,54,29,True,True,1.0,False,5.0,False,True,True,False,False,22,10,26,10,17,18,10,34,10,https://cdn.muthead.com/media/20/assets/sigs-00051001.png,22,McCaffrey,99951001,4940,2019-09-20T14:36:44.443350Z,38,CAR,True,33,23-12-2019
Alex Smith,QB,Veterans,89,76,217,77,82,79,91,61,63,20,10,10,63,61,64,35,33,10,63,94,10,92,77,81,65,10,10,10,10,10,10,10,10,10,10,10,False,,1.0,,,,,,,,15,10,15,10,10,21,10,25,10,https://cdn.muthead.com/media/20/assets/vets-00050735.png,11,Smith,50735,3570,2019-11-22T15:36:39.704060Z,50,WAS,False,4,23-12-2019
Jared Cook,TE,Gauntlet II,92,77,254,84,89,79,96,75,70,92,87,89,74,81,80,83,70,73,90,90,17,77,87,10,76,79,84,86,58,61,62,58,82,68,69,66,False,False,,True,5.0,False,True,True,True,True,33,10,34,10,10,11,10,25,10,https://cdn.muthead.com/media/20/assets/gaun-00051208.png,87,Cook,51208,0,2019-12-13T15:36:46.974322Z,45,NO,False,3,23-12-2019
Cooper Kupp,WR,Series Redux,92,74,208,86,89,92,92,79,63,91,85,87,81,76,84,77,54,52,74,92,82,85,86,12,82,85,90,89,32,26,49,30,81,32,44,37,False,True,1.0,True,5.0,False,True,True,False,True,18,10,21,10,16,12,10,21,10,https://cdn.muthead.com/media/20/assets/sigs-00051025.png,18,Kupp,99951025,9470,2019-12-13T16:37:36.621998Z,43,LAR,True,8,23-12-2019
Patrick Mahomes,QB,Ghosts of Madden - Present,94,75,230,81,85,86,90,54,67,27,22,20,75,64,67,48,43,10,72,94,10,84,74,86,71,10,10,17,10,10,10,10,12,10,10,10,False,,1.0,,,,,,,,14,10,16,10,10,12,10,27,10,https://cdn.muthead.com/media/20/assets/zero-00052606.png,15,Mahomes,52606,7430,2019-12-20T15:36:43.684831Z,74,KC,True,16,23-12-2019
Dante Hall,WR,Most Feared,93,68,187,92,93,93,91,85,49,84,79,78,94,93,94,54,42,26,78,91,94,86,94,43,93,81,78,82,22,17,31,21,74,16,20,14,False,True,1.0,False,5.0,False,False,True,True,True,49,10,39,15,15,23,15,66,10,https://cdn.muthead.com/media/20/assets/fear-00051647.png,82,Hall,51647,250000,2019-10-27T14:36:42.992997Z,40,KC,True,47,23-12-2019
Randy Moss,WR,Series Redux,92,76,210,91,90,89,86,71,51,90,87,91,79,76,81,65,42,37,92,87,83,87,85,42,74,92,86,85,33,37,36,34,86,30,31,29,True,False,1.0,True,6.0,False,False,True,True,True,40,10,30,13,15,29,15,40,10,https://cdn.muthead.com/media/20/assets/lgnd-00052155.png,84,Moss,99952155,9470,2019-11-01T15:51:33.069784Z,55,MIN,True,10,23-12-2019
Deuce McAllister,HB,Theme Diamonds,89,73,232,84,83,81,86,89,82,63,58,52,72,67,79,86,89,58,74,86,26,80,86,41,87,44,50,54,44,37,48,48,49,36,59,49,False,True,1.0,False,3.0,False,True,False,False,False,32,10,32,15,20,20,20,28,10,https://cdn.muthead.com/media/20/assets/diam-00050127.png,26,McAllister,50127,3570,2019-08-16T14:36:32.239092Z,38,NO,True,30,23-12-2019
Joe Thomas,LT,Madden Ultimate Team 10,93,78,312,70,77,72,90,50,88,40,30,25,25,10,10,10,10,90,74,92,10,98,10,12,15,7,15,25,90,91,90,88,35,93,93,90,,True,2.0,,,,,,,,37,30,45,12,35,30,10,55,40,https://cdn.muthead.com/media/20/assets/lgnd-00052207.png,73,Thomas,52207,250000,2019-10-18T20:08:55.608695Z,29,CLE,True,7,23-12-2019
Chris Carson,HB,Team of the Week,92,71,222,87,88,82,93,90,82,61,55,50,77,78,81,90,88,43,91,86,59,78,90,10,92,42,50,56,45,18,33,22,36,27,53,32,False,True,1.0,False,3.0,False,True,False,False,False,16,10,20,10,26,10,10,18,10,https://cdn.muthead.com/media/20/assets/totw-00056226.png,32,Carson,56226,9470,2019-12-17T19:09:29.192900Z,45,SEA,True,30,23-12-2019
Quenton Nelson,LG,Harvest,92,77,329,63,76,66,87,17,95,10,10,10,10,10,10,10,23,94,65,89,10,91,10,10,10,10,10,10,91,87,88,90,10,85,86,88,,True,,,,,,,,,17,10,24,10,18,10,10,26,10,https://cdn.muthead.com/media/20/assets/harv-00051706.png,56,Nelson,51706,2368,2019-11-21T15:36:45.372988Z,27,IND,True,11,23-12-2019
Austin Ekeler,HB,Team of the Week,93,70,195,92,92,92,88,89,64,77,73,75,90,88,92,70,73,46,82,90,75,75,85,16,89,61,72,74,48,29,37,31,60,21,58,25,False,True,1.0,False,3.0,False,True,False,False,False,10,10,22,10,10,10,10,30,10,https://cdn.muthead.com/media/20/assets/totw-00056210.png,30,Ekeler,56210,250000,2019-12-10T19:20:54.992932Z,57,LAC,False,26,23-12-2019
Lamar Miller,HB,Flashbacks,90,70,220,89,88,89,87,89,65,65,58,58,83,80,88,70,72,34,82,85,70,75,87,16,85,47,55,62,36,15,30,18,60,26,60,30,False,True,2.0,False,5.0,False,True,False,False,False,25,10,30,10,10,10,10,23,10,https://cdn.muthead.com/media/20/assets/flsh-00050933.png,26,Miller,50933,4940,2019-11-11T15:54:16.055031Z,41,MIA,True,26,23-12-2019
Matt Birk,C,Series Redux,94,76,310,68,78,68,93,40,91,29,18,23,15,13,18,36,32,86,52,93,10,97,28,19,24,5,10,15,87,91,91,90,12,90,91,93,,True,1.0,,,,,,,,28,18,28,10,30,21,10,34,10,https://cdn.muthead.com/media/20/assets/lgnd-00052259.png,78,Birk,99952259,18200,2019-12-13T16:37:36.613577Z,29,MIN,True,39,23-12-2019
Deshaun Watson,QB,Team of the Week,91,74,221,83,87,87,85,62,60,28,24,22,78,75,80,56,47,32,80,96,10,87,90,94,76,10,10,15,25,10,17,10,15,10,13,15,False,,1.0,,,,,,,,12,10,24,10,12,10,10,24,10,https://cdn.muthead.com/media/20/assets/totw-00056075.png,4,Watson,56075,250000,2019-10-08T18:01:28.188339Z,62,HOU,False,16,23-12-2019
Marvin Jones Jr,WR,Team of the Week,91,74,198,87,88,86,91,78,68,87,88,94,74,81,83,62,50,45,88,89,70,88,83,12,78,91,87,80,25,33,49,35,85,19,42,21,False,False,1.0,True,5.0,False,True,True,False,True,25,10,22,10,10,10,10,10,10,https://cdn.muthead.com/media/20/assets/totw-00056106.png,11,Jones Jr,56106,6840,2019-10-22T18:15:19.649639Z,48,DET,True,10,23-12-2019
Ahman Green,HB,Legends,94,72,218,93,93,91,90,89,84,75,69,66,86,77,89,91,93,59,90,92,41,76,92,38,92,57,63,74,49,51,55,52,70,54,61,53,False,True,1.0,False,4.0,False,True,False,False,False,32,10,32,21,20,15,20,28,10,https://cdn.muthead.com/media/20/assets/lgnd-00052272.png,30,Green,52272,18200,2019-12-21T15:36:44.337281Z,66,GB,True,30,23-12-2019
David Njoku,TE,Ultimate Kickoff,89,76,246,83,88,82,89,79,70,81,84,86,75,74,77,80,76,77,91,90,38,78,80,10,80,76,79,81,62,74,75,67,76,62,67,66,False,True,,True,5.0,True,True,True,False,True,32,10,26,16,10,10,10,27,10,https://cdn.muthead.com/media/20/assets/ultk-00051109.png,85,Njoku,51109,3570,2019-09-12T14:36:36.843730Z,38,CLE,False,3,23-12-2019
Mike Williams,WR,Football Outsiders,90,76,218,88,86,83,85,75,74,89,90,94,77,78,79,81,72,56,83,95,17,83,86,15,82,86,84,84,36,29,46,35,87,28,52,28,False,True,1.0,True,5.0,False,True,True,True,True,28,10,27,10,16,18,10,24,10,https://cdn.muthead.com/media/20/assets/foot-00051529.png,81,Williams,51529,4940,2019-12-08T15:36:41.561739Z,48,LAC,False,5,23-12-2019
Jim Brown,HB,NFL 100,94,74,232,92,91,89,90,92,90,67,62,61,84,81,89,92,90,66,89,93,39,90,88,31,93,50,56,60,57,49,56,53,55,48,67,55,False,True,1.0,False,5.0,False,True,False,False,False,27,10,33,15,29,16,20,32,10,https://cdn.muthead.com/media/20/assets/nfl1-00051902.png,32,Brown,51902,18200,2019-11-23T02:44:55.324827Z,999,CLE,True,30,23-12-2019
Tyler Lockett,WR,Most Feared,92,70,182,90,89,94,92,71,47,93,86,85,91,86,94,36,36,41,82,90,95,76,93,17,84,90,87,84,21,25,47,30,77,16,26,16,False,True,1.0,False,5.0,False,False,True,True,True,15,10,15,10,10,10,10,20,10,https://cdn.muthead.com/media/20/assets/fear-00051611.png,16,Lockett,51611,9470,2019-10-18T14:36:43.848766Z,47,SEA,True,10,23-12-2019
Larry Allen,RG,Legends,89,75,335,61,65,57,84,40,90,30,15,15,15,10,10,25,22,88,49,82,10,95,14,15,15,15,15,15,83,85,89,89,15,84,84,87,,True,2.0,,,,,,,,17,10,28,17,20,18,10,12,25,https://cdn.muthead.com/media/20/assets/lgnd-00052019.png,73,Allen,52019,3570,2019-07-26T21:56:27.716796Z,23,DAL,True,11,23-12-2019
Dak Prescott,QB,Harvest,91,74,238,81,85,83,88,59,74,23,10,10,74,50,72,64,73,29,72,92,10,93,89,93,73,10,10,10,19,25,29,28,10,10,11,10,False,,1.0,,,,,,,,19,10,32,10,30,11,10,23,10,https://cdn.muthead.com/media/20/assets/harv-00051751.png,4,Prescott,51751,6840,2019-11-21T15:36:45.368493Z,60,DAL,False,16,23-12-2019
Adam Thielen,WR,MUT Heroes,91,74,200,86,89,89,91,67,63,90,86,90,73,76,79,57,45,38,87,92,62,79,83,12,73,84,87,88,18,26,43,29,89,13,28,18,False,True,1.0,True,5.0,False,False,True,True,True,22,10,22,10,10,15,10,19,10,https://cdn.muthead.com/media/20/assets/hero-00051304.png,19,Thielen,51304,6840,2019-10-04T14:36:38.367514Z,43,MIN,True,8,23-12-2019
Rodger Saffold III,LG,Ultimate Kickoff,91,77,325,59,74,66,96,15,84,30,10,10,10,12,10,10,15,93,64,89,10,61,10,10,10,10,10,10,87,94,93,92,10,81,84,85,,True,,,,,,,,,10,10,22,10,10,10,10,11,10,https://cdn.muthead.com/media/20/assets/ultk-00051135.png,76,Saffold III,51135,6840,2019-09-12T14:36:31.168128Z,27,TEN,False,11,23-12-2019
Dwight Stephenson,C,NFL 100,94,74,255,74,86,76,92,32,91,35,10,12,23,10,10,10,10,91,60,94,10,86,10,23,23,10,10,10,89,91,90,89,12,92,94,91,,True,1.0,,,,,,,,22,10,45,14,55,25,10,61,10,https://cdn.muthead.com/media/20/assets/nfl1-00051941.png,57,Stephenson,51941,18200,2019-12-14T16:59:08.374020Z,29,MIA,True,39,23-12-2019
Delanie Walker,TE,MUT Heroes,91,74,248,82,81,79,93,69,76,86,84,77,59,40,57,79,72,84,84,86,39,75,61,19,61,74,78,81,70,84,84,79,79,62,65,64,True,True,2.0,True,5.0,False,True,True,False,True,39,10,31,10,15,30,15,45,10,https://cdn.muthead.com/media/20/assets/hero-00051351.png,82,Walker,51351,6840,2019-10-04T14:36:38.357839Z,35,TEN,True,14,23-12-2019
Barry Sanders,HB,NFL 100,94,68,203,93,95,95,84,86,72,70,65,61,92,92,92,81,69,43,81,95,72,99,86,31,92,55,60,71,35,28,39,32,69,39,54,37,True,True,1.0,False,5.0,False,False,False,False,False,30,22,40,27,35,35,15,35,35,https://cdn.muthead.com/media/20/assets/nfl1-00051903.png,20,Sanders,51903,18200,2019-11-23T02:44:55.324605Z,999,DET,True,26,23-12-2019
Clinton Portis,HB,Legends,92,71,218,90,91,90,87,87,76,67,64,61,89,83,90,85,80,58,86,92,54,89,90,39,88,61,56,62,47,44,51,48,57,55,63,56,False,True,1.0,False,5.0,False,True,False,False,False,26,10,26,12,20,13,20,45,10,https://cdn.muthead.com/media/20/assets/lgnd-00052221.png,26,Portis,52221,9470,2019-11-02T14:36:44.031914Z,48,WAS,True,26,23-12-2019
Donald Driver,WR,Theme Diamonds,89,72,194,87,87,84,88,72,68,85,84,85,84,81,85,60,56,43,82,88,66,88,87,13,83,87,86,85,39,39,48,37,86,30,43,32,False,True,1.0,True,6.0,False,True,True,True,True,40,10,28,10,15,26,15,45,10,https://cdn.muthead.com/media/20/assets/diam-00050120.png,80,Driver,50120,3570,2019-08-16T14:36:33.751685Z,38,GB,True,8,23-12-2019
Kurt Warner,QB,Theme Diamonds,93,74,214,58,55,53,93,43,51,21,10,12,13,12,22,14,10,11,43,91,10,65,29,38,23,10,10,10,11,11,11,11,12,10,10,10,True,,1.0,,,,,,,,10,10,10,25,12,31,10,26,10,https://cdn.muthead.com/media/20/assets/diam-00050100.png,13,Warner,50100,13100,2019-08-16T14:36:38.081332Z,46,LAR,False,4,23-12-2019
Deshaun Watson,QB,Series Redux,91,74,221,83,87,87,85,62,60,28,24,22,78,75,80,56,47,32,80,96,10,87,90,94,76,10,10,15,25,10,17,10,15,10,13,15,False,,1.0,,,,,,,,12,10,24,10,12,10,10,24,10,https://cdn.muthead.com/media/20/assets/totw-00056075.png,4,Watson,99956075,6840,2019-11-01T15:51:33.068009Z,62,HOU,False,16,23-12-2019
Baker Mayfield,QB,Team of the Week,92,73,218,79,83,82,89,64,68,51,13,45,76,45,67,57,64,22,70,92,10,96,82,84,67,10,10,18,12,10,15,10,10,10,10,10,False,,1.0,,,,,,,,18,10,22,10,15,10,10,23,10,https://cdn.muthead.com/media/20/assets/totw-00056181.png,6,Mayfield,56181,9470,2019-11-26T19:06:01.059193Z,62,CLE,False,16,23-12-2019
Steve Young,QB,Legends,90,74,215,81,83,82,87,64,57,55,35,40,71,72,78,48,58,20,77,91,10,96,79,80,67,20,20,20,20,30,22,30,12,25,21,25,True,,1.0,,,,,,,,20,10,42,14,12,18,10,41,10,https://cdn.muthead.com/media/20/assets/lgnd-00052078.png,8,Young,52078,4940,2019-08-17T14:36:29.331410Z,56,SF,True,16,23-12-2019
T.Y. Hilton,WR,Series Redux,91,70,183,89,87,91,90,65,42,88,81,84,91,81,88,51,26,37,82,89,83,84,89,14,82,89,88,90,17,24,43,31,81,14,27,14,True,True,1.0,False,5.0,False,False,True,True,True,25,10,10,10,10,12,10,27,10,https://cdn.muthead.com/media/20/assets/sigs-00051017.png,13,Hilton,99951017,6840,2019-11-01T15:51:33.072005Z,42,IND,True,8,23-12-2019
Peyton Manning,QB,Most Feared,93,77,230,63,65,60,93,56,57,26,15,15,17,21,32,19,14,27,53,93,10,90,45,42,24,15,0,15,27,27,27,27,15,25,25,25,True,,2.0,,,,,,,,26,10,28,12,15,17,10,33,10,https://cdn.muthead.com/media/20/assets/fear-00051623.png,18,Manning,51623,13100,2019-10-25T14:36:45.598901Z,46,IND,True,4,23-12-2019
Shannon Sharpe,TE,Legends,89,74,228,79,78,77,85,79,77,85,84,82,71,66,72,84,80,71,78,87,18,96,78,25,73,75,84,84,65,67,72,74,82,76,70,74,True,True,1.0,True,5.0,False,True,True,False,True,44,10,45,10,12,21,10,35,10,https://cdn.muthead.com/media/20/assets/lgnd-00052144.png,84,Sharpe,52144,3570,2019-09-21T14:36:43.519534Z,32,DEN,True,44,23-12-2019
Michael Irvin,WR,Harvest,94,74,207,92,92,92,89,77,71,90,92,92,88,84,89,80,71,53,93,94,61,95,87,63,85,90,88,91,53,51,53,54,91,44,34,48,True,True,1.0,False,3.0,False,True,True,False,False,25,12,30,18,15,20,15,19,10,https://cdn.muthead.com/media/20/assets/harv-00051701.png,88,Irvin,51701,18200,2019-11-21T15:36:45.374057Z,63,DAL,True,10,23-12-2019
Gene Upshaw,LG,Legends,90,77,255,65,76,68,88,55,85,45,60,40,20,10,10,45,65,90,62,87,10,99,25,20,20,35,35,35,89,88,90,89,15,84,87,87,,True,1.0,,,,,,,,65,25,45,12,75,25,10,59,75,https://cdn.muthead.com/media/20/assets/lgnd-00052209.png,63,Upshaw,52209,4940,2019-10-26T16:45:42.263057Z,23,OAK,True,11,23-12-2019
Chris Johnson,HB,Blitz,94,71,203,94,94,93,86,89,68,72,70,69,93,85,92,64,46,32,84,92,63,71,89,18,88,55,61,74,34,27,32,27,68,36,50,33,False,False,1.0,False,5.0,False,False,False,False,False,11,10,22,15,20,20,20,40,10,https://cdn.muthead.com/media/20/assets/bltz-00051801.png,28,Johnson,51801,18200,2019-11-29T01:19:02.431656Z,60,TEN,True,26,23-12-2019
Dante Hall,WR,Series Redux,93,68,187,92,93,93,91,85,49,84,79,78,94,93,94,54,42,26,78,91,94,86,94,43,93,81,78,82,22,17,31,21,74,16,20,14,False,True,1.0,False,5.0,False,False,True,True,True,49,10,39,15,15,23,15,66,10,https://cdn.muthead.com/media/20/assets/fear-00051647.png,82,Hall,99951647,13100,2019-12-13T16:37:36.619969Z,40,KC,True,47,23-12-2019
Brandin Cooks,WR,Master ,95,70,183,94,91,94,93,80,53,96,89,91,86,76,80,46,43,38,86,92,87,74,94,12,76,94,90,94,18,29,48,35,86,18,30,18,False,True,1.0,False,5.0,False,False,True,False,True,22,10,15,10,10,14,10,24,10,https://cdn.muthead.com/media/20/assets/serm-00050504.png,12,Cooks,50504,25200,2019-12-13T15:36:46.975462Z,70,LAR,True,10,23-12-2019
Terry McLaurin,WR,Ghosts of Madden - Future,94,72,208,95,93,86,89,86,68,93,92,94,85,84,88,62,57,49,90,89,53,91,84,12,82,88,91,91,26,24,47,27,89,24,41,24,False,True,1.0,False,3.0,False,True,False,True,True,31,10,31,10,24,10,10,36,10,https://cdn.muthead.com/media/20/assets/zero-00052601.png,17,McLaurin,52601,7430,2019-12-18T15:36:43.193474Z,72,WAS,False,10,23-12-2019
Christian McCaffrey,HB,Signature Series,90,71,202,86,87,92,87,83,67,80,74,75,86,87,89,71,50,38,84,91,83,82,83,14,75,64,73,81,40,15,31,15,72,25,54,29,True,True,1.0,False,5.0,False,True,True,False,False,22,10,26,10,17,18,10,34,10,https://cdn.muthead.com/media/20/assets/sigs-00051001.png,22,McCaffrey,51001,250000,2019-08-15T14:36:30.369192Z,38,CAR,True,33,23-12-2019
Brandon Brooks,RG,Heavyweights,91,77,335,69,80,66,85,20,93,25,10,10,10,10,10,10,20,87,79,78,10,78,10,10,10,10,10,10,72,86,84,83,10,88,89,90,,True,1.0,,,,,,,,20,10,30,10,15,10,10,11,10,https://cdn.muthead.com/media/20/assets/hvyw-00050835.png,79,Brooks,50835,6840,2019-11-20T15:44:19.424596Z,24,PHI,True,19,23-12-2019
James White,HB,Ultimate Kickoff,93,70,205,88,91,89,91,92,67,82,79,71,87,89,93,68,63,37,79,87,80,69,85,15,84,65,75,82,39,33,42,28,81,33,62,37,True,True,1.0,False,5.0,False,True,False,False,False,16,10,22,10,10,10,10,25,10,https://cdn.muthead.com/media/20/assets/ultk-00051126.png,28,White,51126,13100,2019-09-12T14:36:33.104860Z,48,NE,True,33,23-12-2019
Cooper Kupp,WR,Ultimate Kickoff,91,74,208,85,88,91,92,78,62,90,84,86,80,75,83,76,53,51,73,91,85,85,86,12,81,84,89,87,31,25,48,29,79,31,43,36,False,True,1.0,True,5.0,False,True,True,False,True,18,10,21,10,16,12,10,21,10,https://cdn.muthead.com/media/20/assets/ultk-00051128.png,18,Kupp,51128,6840,2019-09-12T14:36:32.672798Z,40,LAR,True,8,23-12-2019
Ben Roethlisberger,QB,Flashbacks,89,77,240,70,75,64,90,55,79,42,10,10,59,50,57,73,60,10,70,92,10,98,68,80,60,10,10,10,10,10,10,10,10,10,10,10,True,,1.0,,,,,,,,35,10,37,10,10,10,10,42,10,https://cdn.muthead.com/media/20/assets/flsh-00050925.png,7,Roethlisberger,50925,3570,2019-10-14T14:36:44.340628Z,40,PIT,True,4,23-12-2019
Carson Wentz,QB,Series Redux,92,77,237,80,86,82,88,61,71,28,10,10,78,47,70,54,66,16,68,90,10,97,83,89,72,10,10,10,10,10,10,10,10,10,10,10,False,,1.0,,,,,,,,11,10,20,10,10,11,10,18,10,https://cdn.muthead.com/media/20/assets/sigs-00051027.png,11,Wentz,99951027,9470,2019-12-13T16:37:36.621550Z,60,PHI,True,16,23-12-2019
Steve Largent,WR,NFL 100,95,71,187,89,91,91,95,85,56,95,93,91,83,80,85,55,49,43,86,94,68,97,80,20,76,92,94,93,45,43,42,41,83,34,41,37,True,True,1.0,False,6.0,False,False,True,False,False,45,10,43,29,15,23,15,45,10,https://cdn.muthead.com/media/20/assets/nfl1-00051953.png,80,Largent,51953,25200,2019-12-21T02:18:23.776143Z,999,SEA,True,8,23-12-2019
Jim Brown,HB,Legends,89,74,232,85,84,82,87,88,82,62,57,56,79,76,80,87,85,60,82,85,33,90,86,31,89,45,51,55,51,43,50,47,50,42,61,49,False,True,1.0,False,5.0,False,True,False,False,False,27,10,33,15,29,16,20,32,10,https://cdn.muthead.com/media/20/assets/lgnd-00052170.png,32,Brown,52170,3570,2019-10-05T14:36:42.359348Z,38,CLE,True,30,23-12-2019
O.J. Howard,TE,Signature Series,93,78,250,86,89,84,94,75,74,91,87,87,71,66,77,82,80,85,73,88,34,96,87,10,77,78,81,86,70,68,73,73,78,71,76,75,True,True,2.0,True,5.0,False,True,True,False,True,24,10,26,10,20,10,10,31,10,https://cdn.muthead.com/media/20/assets/sigs-00051029.png,80,Howard,51029,250000,2019-11-21T15:36:45.374484Z,48,TB,True,44,23-12-2019
Anthony Munoz,LT,NFL 100,94,78,280,73,80,72,91,40,91,37,25,35,15,10,14,30,20,90,75,95,10,79,15,15,15,20,20,20,90,92,92,91,15,92,94,92,,True,1.0,,,,,,,,20,10,35,12,20,15,10,29,10,https://cdn.muthead.com/media/20/assets/nfl1-00051947.png,78,Munoz,51947,18200,2019-12-14T16:59:08.372686Z,32,CIN,True,7,23-12-2019
Derrick Henry,HB,Team of the Week,91,75,247,88,87,83,85,96,84,59,52,54,76,73,85,92,88,44,87,88,32,92,86,10,85,38,46,53,46,17,38,17,43,35,63,40,False,True,1.0,False,3.0,False,True,False,False,False,26,10,34,10,23,10,10,31,10,https://cdn.muthead.com/media/20/assets/totw-00056151.png,22,Henry,56151,6840,2019-11-12T20:11:33.358935Z,52,TEN,True,30,23-12-2019
John Brown,WR,Team of the Week,92,71,179,93,90,88,91,78,41,86,82,90,92,88,94,50,42,44,90,88,89,65,92,12,82,93,89,86,24,30,46,37,81,19,29,22,False,True,1.0,True,5.0,False,False,True,False,True,25,10,15,10,10,10,10,25,10,https://cdn.muthead.com/media/20/assets/totw-00056166.png,15,Brown,56166,9470,2019-11-19T19:07:36.388190Z,55,BUF,True,10,23-12-2019
Eric Dickerson,HB,NFL 100,94,75,220,93,92,92,91,93,80,67,69,68,86,87,90,91,91,61,85,93,60,97,91,39,91,53,58,64,43,36,53,47,58,53,59,55,True,True,1.0,False,4.0,False,True,False,False,False,11,10,35,15,20,20,20,40,10,https://cdn.muthead.com/media/20/assets/nfl1-00051904.png,29,Dickerson,51904,18200,2019-11-23T02:44:55.324383Z,999,LAR,True,26,23-12-2019
Travis Kelce,TE,Series Redux,90,77,260,81,84,83,92,62,75,88,88,88,67,64,78,77,73,75,87,86,12,89,84,32,71,75,82,84,60,66,67,65,81,64,66,65,False,True,,True,5.0,False,True,True,False,True,30,10,35,10,10,10,10,32,10,https://cdn.muthead.com/media/20/assets/sigs-00051007.png,87,Kelce,99951007,4940,2019-11-01T15:51:33.073783Z,39,KC,True,3,23-12-2019
Michael Vick,QB,Madden Ultimate Team 10,92,72,215,88,91,91,90,61,59,65,25,45,82,81,87,56,31,24,83,88,35,85,88,92,79,20,0,35,10,10,24,10,34,10,19,10,False,,1.0,,,,,,,,31,10,31,18,12,25,10,40,10,https://cdn.muthead.com/media/20/assets/lgnd-00052129.png,7,Vick,52129,250000,2019-09-05T20:14:57.983661Z,74,ATL,True,40,23-12-2019
Lamar Jackson,QB,Blitz,93,74,216,92,93,93,84,68,59,16,10,10,91,86,93,63,45,19,89,89,10,93,97,97,87,10,10,10,11,10,10,10,10,10,10,10,False,,1.0,,,,,,,,10,10,25,10,17,10,10,28,10,https://cdn.muthead.com/media/20/assets/bltz-00051802.png,8,Jackson,51802,13100,2019-11-29T01:19:02.431438Z,82,BAL,True,40,23-12-2019
Derek Carr,QB,Signature Series,92,75,214,81,86,80,90,59,55,23,10,10,62,59,64,38,34,10,85,90,10,90,65,47,62,10,10,10,10,10,10,10,10,10,10,10,False,,1.0,,,,,,,,10,10,10,10,10,10,10,24,10,https://cdn.muthead.com/media/20/assets/sigs-00051021.png,4,Carr,51021,250000,2019-10-24T14:36:42.167934Z,62,OAK,True,45,23-12-2019
Chris Lindstrom,RG,Ghosts of Madden - Future,93,75,307,76,86,70,93,10,89,16,10,10,10,10,10,17,21,93,76,89,10,87,10,10,10,10,10,10,96,86,89,90,10,87,87,89,,True,1.0,,,,,,,,10,10,22,10,18,10,10,13,10,https://cdn.muthead.com/media/20/assets/zero-00052602.png,63,Lindstrom,52602,5350,2019-12-18T15:36:43.193253Z,26,ATL,False,11,23-12-2019
Taylor Lewan,LT,Football Outsiders,89,79,309,73,83,72,90,36,89,43,25,25,10,20,20,30,30,94,74,88,10,89,25,10,10,10,14,24,91,84,82,80,30,87,85,83,,True,,,,,,,,,15,10,29,10,15,10,10,13,10,https://cdn.muthead.com/media/20/assets/foot-00051531.png,77,Lewan,51531,3570,2019-12-08T15:36:41.561295Z,22,TEN,False,7,23-12-2019
Terrell Owens,WR,Legends,91,75,224,89,89,88,85,76,77,88,90,88,80,77,80,86,73,52,90,89,49,99,86,25,88,84,84,86,51,50,52,52,90,40,45,48,False,False,1.0,True,5.0,True,True,False,False,True,42,10,32,18,15,26,25,44,10,https://cdn.muthead.com/media/20/assets/lgnd-00052130.png,81,Owens,52130,6840,2019-09-14T14:36:41.797372Z,45,SF,True,5,23-12-2019
Taysom Hill,TE,Out of Position,91,74,221,90,88,84,93,84,75,89,88,82,86,87,91,77,84,76,92,90,80,85,92,72,86,67,75,83,63,63,72,65,84,59,66,62,False,True,1.0,False,5.0,False,True,False,False,True,52,43,55,43,66,10,35,66,34,https://cdn.muthead.com/media/20/assets/zero-00052704.png,7,Hill,52704,2790,2019-12-20T15:36:43.683477Z,47,NO,False,3,23-12-2019
Kenny Stills,WR,Flashbacks,89,73,202,88,88,81,92,74,56,87,82,85,80,72,76,36,43,44,82,86,77,78,76,16,79,87,86,82,24,27,39,33,83,25,39,23,False,False,,False,5.0,False,True,True,True,True,24,10,19,10,10,14,10,25,10,https://cdn.muthead.com/media/20/assets/flsh-00050923.png,84,Stills,50923,3570,2019-10-07T14:36:41.984026Z,38,NO,True,10,23-12-2019
Ben Jones,C,Heavyweights,90,75,308,56,73,59,93,29,85,22,10,10,10,10,10,10,10,91,77,87,10,93,10,10,10,10,10,10,88,90,88,84,10,88,86,83,,True,,,,,,,,,23,10,30,10,10,12,10,22,10,https://cdn.muthead.com/media/20/assets/hvyw-00050829.png,60,Jones,50829,4940,2019-10-30T14:36:44.861179Z,23,TEN,False,38,23-12-2019
Brandin Cooks,WR,MUT Heroes,90,70,183,91,88,91,88,71,50,90,84,85,81,71,75,41,38,35,82,89,82,74,89,12,71,88,84,88,15,26,45,32,79,15,27,15,False,True,1.0,False,5.0,False,False,True,False,True,22,10,15,10,10,14,10,24,10,https://cdn.muthead.com/media/20/assets/hero-00051303.png,12,Cooks,51303,4940,2019-10-04T14:36:38.367748Z,47,LAR,True,10,23-12-2019
Kyler Murray,QB,Series Redux,90,70,205,90,91,89,79,66,50,40,10,11,86,79,85,47,25,10,60,90,10,84,90,91,64,10,10,10,10,10,10,10,10,10,10,10,False,,1.0,,,,,,,,10,10,12,10,10,10,10,19,10,https://cdn.muthead.com/media/20/assets/bltz-00051813.png,1,Murray,99951813,4940,2019-12-13T16:37:36.616996Z,70,ARI,False,40,23-12-2019
Anthony Munoz,LT,Legends,90,78,280,69,76,69,87,40,87,37,25,35,15,10,14,30,20,85,71,91,10,79,15,15,15,20,20,20,85,88,88,86,15,88,90,88,,True,1.0,,,,,,,,20,10,35,12,20,15,10,29,10,https://cdn.muthead.com/media/20/assets/lgnd-00052091.png,78,Munoz,52091,4940,2019-08-24T14:36:30.690489Z,24,CIN,True,7,23-12-2019
Mark Ingram II,HB,Flashbacks,90,69,215,85,88,84,91,89,79,66,62,60,75,79,89,84,90,40,77,89,39,95,85,12,89,51,57,64,36,24,40,24,58,33,59,37,True,True,1.0,False,5.0,False,True,False,False,False,10,10,15,10,20,10,10,25,10,https://cdn.muthead.com/media/20/assets/flsh-00050927.png,22,Ingram II,50927,4940,2019-10-21T14:36:40.465846Z,43,NO,True,30,23-12-2019
Matt Birk,C,Legends,94,76,310,68,78,68,93,40,91,29,18,23,15,13,18,36,32,86,52,93,10,97,28,19,24,5,10,15,87,91,91,90,12,90,91,93,,True,1.0,,,,,,,,28,18,28,10,30,21,10,34,10,https://cdn.muthead.com/media/20/assets/lgnd-00052259.png,78,Birk,52259,250000,2019-11-16T16:45:07.300348Z,29,MIN,True,39,23-12-2019
Zach Ertz,TE,MUT20 Launch Promo,89,77,250,78,82,77,93,74,68,91,88,87,58,67,71,67,63,76,76,88,28,84,81,15,64,73,86,89,62,60,60,57,84,63,68,67,True,True,1.0,True,5.0,False,True,True,False,True,34,10,26,10,10,10,10,26,10,https://cdn.muthead.com/media/20/assets/buil-00050304.png,86,Ertz,50304,3570,2019-08-02T03:46:58.427821Z,124,PHI,True,44,23-12-2019
Christian McCaffrey,HB,Series Redux,90,71,202,86,87,92,87,83,67,80,74,75,86,87,89,71,50,38,84,91,83,82,83,14,75,64,73,81,40,15,31,15,72,25,54,29,True,True,1.0,False,5.0,False,True,True,False,False,22,10,26,10,17,18,10,34,10,https://cdn.muthead.com/media/20/assets/sigs-00051001.png,22,McCaffrey,99851001,2470,2019-11-01T15:51:33.075110Z,38,CAR,True,33,23-12-2019
A.J. Green,WR,Most Feared,90,76,210,86,85,88,86,69,68,86,91,92,78,80,84,67,62,39,92,92,62,86,88,17,83,85,85,87,19,29,45,31,86,14,22,14,True,True,2.0,True,5.0,False,False,True,True,True,30,10,25,13,10,15,10,30,10,https://cdn.muthead.com/media/20/assets/fear-00051625.png,18,Green,51625,1235,2019-10-25T14:36:45.598449Z,47,CIN,True,5,23-12-2019
Rob Gronkowski,TE,Madden Ultimate Team 10,92,78,265,83,82,80,83,76,84,89,90,90,56,63,68,87,86,79,80,87,11,93,74,16,84,77,81,84,73,72,75,77,87,72,72,74,True,True,,True,5.0,False,True,True,False,True,43,10,20,12,25,22,25,26,10,https://cdn.muthead.com/media/20/assets/lgnd-00052181.png,87,Gronkowski,52181,250000,2019-10-04T20:16:59.148648Z,45,NE,True,44,23-12-2019
Amari Cooper,WR,Football Outsiders,89,73,225,87,85,91,86,66,63,86,83,84,85,81,86,65,58,48,84,86,72,82,84,18,81,83,87,85,29,27,47,30,85,14,29,14,True,True,1.0,True,5.0,False,True,True,True,True,25,10,15,10,10,10,10,29,10,https://cdn.muthead.com/media/20/assets/foot-00051503.png,19,Cooper,51503,3570,2019-10-06T14:36:40.599890Z,38,DAL,True,8,23-12-2019
Calvin Ridley,WR,Harvest,91,73,190,91,91,93,84,71,57,84,83,87,87,87,94,64,31,43,75,88,76,76,85,10,70,90,88,87,22,36,52,30,85,21,29,19,False,False,1.0,False,5.0,False,False,True,True,True,14,10,19,10,10,10,14,23,10,https://cdn.muthead.com/media/20/assets/harv-00051753.png,18,Ridley,51753,6840,2019-11-21T15:36:45.368061Z,47,ATL,False,10,23-12-2019
Darren Waller,TE,Blitz,92,78,255,89,89,84,92,81,67,90,91,94,64,83,80,78,80,74,88,85,23,80,84,10,64,70,74,80,59,68,75,74,94,79,83,83,False,False,1.0,True,5.0,True,True,True,False,False,25,10,22,10,10,10,10,27,10,https://cdn.muthead.com/media/20/assets/bltz-00051804.png,83,Waller,51804,250000,2019-11-30T05:04:58.544540Z,56,OAK,False,3,23-12-2019
Jason Witten,TE,MUT Heroes,90,78,263,74,80,76,95,77,79,92,90,87,38,52,72,77,71,76,67,97,13,99,83,10,49,68,77,80,62,75,78,72,79,62,66,64,True,True,,False,5.0,False,True,True,True,True,31,10,10,10,15,19,15,31,10,https://cdn.muthead.com/media/20/assets/hero-00051305.png,82,Witten,51305,4940,2019-10-04T14:36:38.367303Z,35,DAL,True,44,23-12-2019
Anthony Castonzo,LT,Zero Chill,90,79,311,62,78,74,91,25,88,25,20,15,10,10,10,10,10,88,73,86,10,81,10,10,10,10,10,10,91,85,89,93,25,80,80,82,,True,1.0,,,,,,,,30,20,32,10,25,20,10,25,30,https://cdn.muthead.com/media/20/assets/zero-00052505.png,74,Castonzo,52505,2020,2019-12-16T15:36:42.929198Z,23,IND,True,15,23-12-2019
Ahman Green,HB,Legends,92,72,218,88,88,86,90,88,80,73,67,64,84,75,87,90,92,57,85,88,39,76,92,38,91,55,61,72,47,49,53,50,68,52,59,51,False,True,1.0,False,4.0,False,True,False,False,False,32,10,32,21,20,15,20,28,10,https://cdn.muthead.com/media/20/assets/lgnd-00052273.png,30,Green,52273,9470,2019-12-21T15:36:44.337062Z,48,GB,True,30,23-12-2019
Davante Adams,WR,Signature Series,90,73,215,84,87,85,91,70,58,87,89,87,75,75,82,69,57,39,88,86,39,74,83,12,74,85,86,87,19,14,43,14,92,14,32,14,True,False,1.0,True,5.0,False,True,True,True,True,42,10,32,10,10,16,15,34,10,https://cdn.muthead.com/media/20/assets/sigs-00051003.png,17,Adams,51003,250000,2019-08-22T14:36:31.379925Z,40,GB,True,8,23-12-2019
Troy Aikman,QB,Legends,89,76,220,64,65,61,88,52,56,25,15,15,36,31,42,37,23,20,56,85,10,97,50,45,38,15,15,15,20,20,15,20,15,20,12,20,True,,1.0,,,,,,,,19,10,15,10,12,14,10,22,10,https://cdn.muthead.com/media/20/assets/lgnd-00052157.png,8,Aikman,52157,3570,2019-09-28T14:36:34.280471Z,36,DAL,True,4,23-12-2019
Sammy Watkins,WR,Team of the Week,91,73,211,89,89,86,91,74,65,89,86,90,87,88,91,73,59,37,85,93,82,86,92,12,84,86,88,86,17,28,44,34,85,17,30,17,False,False,1.0,False,5.0,False,True,True,True,True,30,10,15,10,10,10,10,25,10,https://cdn.muthead.com/media/20/assets/totw-00056015.png,14,Watkins,56015,250000,2019-09-10T19:20:07.569942Z,45,KC,False,10,23-12-2019
Robert Woods,WR,Flashbacks,91,72,193,89,86,86,91,76,58,92,87,86,74,74,82,55,50,49,87,91,78,79,84,12,75,86,89,87,29,29,57,32,82,25,41,26,False,False,1.0,True,5.0,False,True,True,True,True,30,10,29,10,10,12,30,31,10,https://cdn.muthead.com/media/20/assets/flsh-00050937.png,10,Woods,50937,6840,2019-11-25T15:36:38.401211Z,45,BUF,True,8,23-12-2019
Donald Driver,WR,Legends,93,72,194,90,90,87,92,76,71,90,89,90,88,85,89,64,60,47,85,91,70,88,91,13,87,91,90,89,43,43,52,41,90,34,47,36,False,True,1.0,True,6.0,False,True,True,True,True,40,10,28,10,15,26,15,45,10,https://cdn.muthead.com/media/20/assets/lgnd-00052233.png,80,Driver,52233,250000,2019-11-02T14:36:44.029182Z,52,GB,True,8,23-12-2019
DeVante Parker,WR,Series Redux,93,75,212,90,90,87,92,80,70,92,93,94,71,81,86,73,72,43,89,87,45,84,86,12,81,87,89,89,23,31,55,37,92,21,40,21,False,False,1.0,True,5.0,False,True,True,True,True,25,10,26,10,10,10,10,30,10,https://cdn.muthead.com/media/20/assets/sigs-00051031.png,11,Parker,99951031,13100,2019-12-13T16:37:36.620644Z,60,MIA,True,5,23-12-2019
Russell Wilson,QB,Signature Series,91,71,215,83,87,90,92,60,56,58,25,32,79,74,78,60,33,10,80,94,10,98,90,90,78,10,11,21,23,25,35,28,15,10,10,10,True,,1.0,,,,,,,,10,10,16,10,10,16,10,37,10,https://cdn.muthead.com/media/20/assets/sigs-00051015.png,3,Wilson,51015,250000,2019-10-03T14:36:40.213787Z,60,SEA,True,16,23-12-2019
Terrell Owens,WR,Legends,89,75,224,85,85,84,85,74,72,87,88,87,78,75,78,84,71,50,86,84,47,99,84,25,87,82,83,85,49,48,50,50,89,38,43,46,False,False,1.0,True,5.0,True,True,False,False,True,42,10,32,18,15,26,25,44,10,https://cdn.muthead.com/media/20/assets/lgnd-00052131.png,81,Owens,52131,3570,2019-09-14T14:36:41.796955Z,38,SF,True,5,23-12-2019
Derek Carr,QB,Series Redux,92,75,214,81,86,80,90,59,55,23,10,10,62,59,64,38,34,10,85,90,10,90,65,47,62,10,10,10,10,10,10,10,10,10,10,10,False,,1.0,,,,,,,,10,10,10,10,10,10,10,24,10,https://cdn.muthead.com/media/20/assets/sigs-00051021.png,4,Carr,99951021,9470,2019-12-13T16:37:36.622895Z,62,OAK,True,45,23-12-2019
Mark Ingram II,HB,Team of the Week,91,69,215,86,89,85,92,90,80,67,63,61,76,80,90,85,91,41,78,90,40,95,86,12,90,52,58,65,37,25,41,25,59,34,60,38,True,True,1.0,False,5.0,False,True,False,False,False,10,10,15,10,20,10,10,25,10,https://cdn.muthead.com/media/20/assets/totw-00056045.png,21,Ingram II,56045,250000,2019-09-24T18:22:56.256852Z,46,BAL,True,30,23-12-2019
Austin Hooper,TE,Football Outsiders,89,76,248,80,86,81,91,73,71,91,85,82,58,57,65,78,69,75,84,85,16,88,76,10,62,68,75,78,60,76,78,72,69,66,72,70,False,True,1.0,True,5.0,False,True,True,True,True,19,10,24,10,17,12,10,21,10,https://cdn.muthead.com/media/20/assets/foot-00051517.png,81,Hooper,51517,3570,2019-11-03T16:29:19.872495Z,36,ATL,False,44,23-12-2019
Gale Sayers,HB,Legends,89,72,198,86,86,86,82,82,65,65,62,61,89,80,88,76,73,42,81,83,87,93,92,45,88,47,52,64,28,34,45,39,56,29,49,35,True,True,1.0,False,4.0,False,True,False,False,False,31,21,38,20,33,12,18,37,30,https://cdn.muthead.com/media/20/assets/lgnd-00052118.png,40,Sayers,52118,3570,2019-09-07T14:36:28.740398Z,36,CHI,True,26,23-12-2019
Brandon Scherff,RG,Heavyweights,90,77,319,68,77,70,86,30,89,25,10,10,10,10,10,20,15,89,78,85,10,94,10,10,10,10,10,10,92,91,90,88,10,82,85,85,,True,1.0,,,,,,,,16,10,22,10,15,10,10,12,10,https://cdn.muthead.com/media/20/assets/hvyw-00050827.png,75,Scherff,50827,4940,2019-10-23T14:36:42.473898Z,24,WAS,True,11,23-12-2019
Gene Upshaw,LG,Legends,92,77,255,70,81,73,89,55,89,45,60,40,20,10,10,45,65,91,67,91,10,99,25,20,20,35,35,35,91,90,91,91,15,86,89,88,,True,1.0,,,,,,,,65,25,45,12,75,25,10,59,75,https://cdn.muthead.com/media/20/assets/lgnd-00052208.png,63,Upshaw,52208,9470,2019-10-26T16:45:42.263273Z,26,OAK,True,11,23-12-2019
Sony Michel,HB,Series Redux,91,71,215,87,89,90,89,92,72,63,61,62,85,79,91,85,85,32,73,86,68,82,89,14,82,47,56,61,27,26,29,29,56,36,54,42,False,True,1.0,False,3.0,False,True,False,False,False,20,10,25,10,17,10,10,30,10,https://cdn.muthead.com/media/20/assets/sigs-00051013.png,26,Michel,99951013,6840,2019-11-01T15:51:33.072891Z,48,NE,True,26,23-12-2019
Tom Brady,QB,Harvest,92,76,225,55,61,65,94,59,59,29,10,20,30,28,45,20,13,24,42,94,10,96,44,55,24,10,10,10,14,10,15,10,10,10,10,10,True,,2.0,,,,,,,,23,10,23,10,10,10,10,20,10,https://cdn.muthead.com/media/20/assets/harv-00051703.png,12,Brady,51703,2368,2019-11-21T15:36:45.373632Z,40,NE,True,4,23-12-2019
James Conner,HB,Ultimate Kickoff,91,73,233,84,87,80,90,91,81,68,60,69,77,91,85,91,87,46,72,88,52,86,90,10,91,50,57,64,49,38,52,39,61,36,57,43,False,True,1.0,False,5.0,False,True,False,False,False,18,10,23,10,27,10,10,25,10,https://cdn.muthead.com/media/20/assets/ultk-00051133.png,30,Conner,51133,6840,2019-09-12T14:36:31.597940Z,46,PIT,False,30,23-12-2019
Tyreek Hill,WR,Team of the Week,91,70,185,94,94,94,83,73,60,83,83,82,91,78,90,36,31,34,89,84,91,66,88,18,78,90,82,84,14,14,53,14,85,14,27,14,False,False,1.0,False,5.0,False,True,True,False,True,11,10,17,10,15,16,20,23,10,https://cdn.muthead.com/media/20/assets/totw-00056136.png,10,Hill,56136,6840,2019-11-05T19:10:08.511123Z,52,KC,True,10,23-12-2019
Otto Graham,QB,Theme Diamonds,89,73,196,76,76,75,87,69,68,55,30,32,70,64,69,66,74,25,67,89,10,97,80,80,72,25,25,25,25,25,25,27,12,20,25,25,True,,1.0,,,,,,,,25,15,39,20,12,20,10,25,15,https://cdn.muthead.com/media/20/assets/diam-00050105.png,14,Graham,50105,3570,2019-08-16T14:36:37.027825Z,44,CLE,True,45,23-12-2019
Lane Johnson,RT,Blitz,92,78,317,79,86,76,94,57,87,52,55,54,30,40,44,45,55,91,82,89,10,89,50,24,20,15,23,33,91,88,89,88,35,88,89,90,,True,1.0,,,,,,,,46,54,50,10,50,19,10,45,43,https://cdn.muthead.com/media/20/assets/bltz-00051809.png,65,Johnson,51809,9470,2019-11-29T01:19:02.430548Z,25,PHI,True,15,23-12-2019
Larry Little,RG,Legends,91,73,265,70,78,70,87,32,87,40,10,12,23,10,10,10,10,86,57,88,10,70,10,23,23,10,0,10,91,90,90,87,12,90,88,87,,True,1.0,,,,,,,,22,10,49,14,45,25,10,46,10,https://cdn.muthead.com/media/20/assets/lgnd-00052182.png,66,Little,52182,6840,2019-10-12T14:36:43.570174Z,25,MIA,True,46,23-12-2019
Jonathan Ogden,RT,NFL 100,94,81,340,60,71,59,89,40,95,19,15,15,17,10,10,10,25,94,48,88,10,84,10,17,17,15,15,15,86,90,93,93,15,89,93,93,,True,1.0,,,,,,,,26,10,26,28,20,28,10,25,10,https://cdn.muthead.com/media/20/assets/nfl1-00051946.png,75,Ogden,51946,18200,2019-12-14T16:59:08.372904Z,32,BAL,True,15,23-12-2019
Kordell Stewart,HB,Out of Position,95,73,218,92,94,93,90,92,69,79,82,84,94,88,94,78,71,31,91,92,61,89,88,89,90,81,76,79,20,32,39,38,77,20,28,24,False,True,1.0,False,5.0,False,True,False,False,False,38,10,42,35,39,33,29,46,10,https://cdn.muthead.com/media/20/assets/zero-00052902.png,10,Stewart,52902,250000,2019-12-22T15:36:44.387419Z,64,PIT,False,26,23-12-2019
Davante Adams,WR,Series Redux,90,73,215,84,87,85,91,70,58,87,89,87,75,75,82,69,57,39,88,86,39,74,83,12,74,85,86,87,19,14,43,14,92,14,32,14,True,False,1.0,True,5.0,False,True,True,True,True,42,10,32,10,10,16,15,34,10,https://cdn.muthead.com/media/20/assets/sigs-00051003.png,17,Adams,99851003,2470,2019-11-01T15:51:33.074661Z,40,GB,True,8,23-12-2019
Aaron Rodgers,QB,Ultimate Kickoff,91,74,225,76,80,79,90,58,55,37,10,10,60,50,48,15,25,10,67,95,10,98,73,85,61,10,10,10,10,10,10,10,10,10,10,10,True,,1.0,,,,,,,,10,10,10,10,10,15,10,14,10,https://cdn.muthead.com/media/20/assets/ultk-00051101.png,12,Rodgers,51101,6840,2019-09-12T14:36:38.571921Z,56,GB,True,16,23-12-2019
Andre Reed,WR,Legends,91,74,190,86,85,86,88,77,67,89,91,89,84,81,85,74,60,52,86,87,73,64,88,20,88,83,85,92,46,42,51,42,86,28,48,24,True,True,1.0,False,3.0,False,True,True,True,True,10,10,26,30,12,20,12,10,10,https://cdn.muthead.com/media/20/assets/lgnd-00052248.png,83,Reed,52248,6840,2019-11-16T16:45:07.302823Z,45,BUF,True,36,23-12-2019
Troy Aikman,QB,Legends,91,76,220,68,69,65,89,54,61,25,15,15,38,33,44,39,25,20,61,90,10,97,52,47,40,15,15,15,20,20,15,20,15,20,12,20,True,,1.0,,,,,,,,19,10,15,10,12,14,10,22,10,https://cdn.muthead.com/media/20/assets/lgnd-00052156.png,8,Aikman,52156,6840,2019-09-28T14:36:34.280682Z,42,DAL,True,4,23-12-2019
Russell Wilson,QB,Series Redux,91,71,215,83,87,90,92,60,56,58,25,32,79,74,78,60,33,10,80,94,10,98,90,90,78,10,11,21,23,25,35,28,15,10,10,10,True,,1.0,,,,,,,,10,10,16,10,10,16,10,37,10,https://cdn.muthead.com/media/20/assets/sigs-00051015.png,3,Wilson,99951015,6840,2019-11-01T15:51:33.072449Z,60,SEA,True,16,23-12-2019
Todd Gurley II,HB,MUT20 Launch Promo,90,73,227,85,85,88,87,88,68,61,55,58,87,80,89,84,77,36,82,89,69,89,91,13,89,40,48,54,38,27,36,28,48,25,57,30,True,True,2.0,False,5.0,False,True,False,False,False,32,10,31,10,35,10,10,34,10,https://cdn.muthead.com/media/20/assets/buil-00050303.png,30,Gurley II,50303,4940,2019-08-09T20:47:37.630441Z,178,LAR,True,26,23-12-2019
Jordan Gross,LT,Theme Diamonds,89,76,305,63,72,62,88,40,87,15,15,15,35,10,10,10,10,80,54,85,10,86,10,35,35,15,15,15,80,87,85,84,15,89,89,85,,True,1.0,,,,,,,,25,10,25,11,20,15,10,33,10,https://cdn.muthead.com/media/20/assets/diam-00050121.png,69,Gross,50121,3570,2019-08-16T14:36:33.531872Z,23,CAR,True,7,23-12-2019
Joel Bitonio,LG,MUT Heroes,90,76,305,70,82,71,88,30,83,18,10,10,10,10,10,10,18,86,76,85,10,91,15,10,10,10,10,10,81,83,82,78,10,87,92,90,,True,1.0,,,,,,,,10,10,11,10,15,18,10,10,10,https://cdn.muthead.com/media/20/assets/hero-00051364.png,75,Bitonio,51364,4940,2019-10-04T14:36:38.356974Z,22,CLE,True,19,23-12-2019
Evan Engram,TE,Series Redux,91,75,240,88,89,87,90,79,64,86,80,90,78,66,74,73,76,75,86,84,57,76,86,10,76,81,82,84,56,64,68,67,81,66,71,73,False,True,1.0,True,5.0,True,True,True,False,True,22,18,32,14,18,16,12,27,10,https://cdn.muthead.com/media/20/assets/sigs-00051019.png,88,Engram,99951019,6840,2019-11-01T15:51:33.071561Z,45,NYG,True,3,23-12-2019
Philip Rivers,QB,Series Redux,90,77,228,61,66,55,92,56,58,12,10,10,22,34,42,24,13,10,41,91,10,99,38,37,24,10,10,10,10,10,10,10,10,10,10,10,False,,,,,,,,,,12,10,12,10,10,16,10,24,10,https://cdn.muthead.com/media/20/assets/sigs-00051005.png,17,Rivers,99851005,2470,2019-11-01T15:51:33.074223Z,36,LAC,True,4,23-12-2019
Matt Ryan,QB,Series Redux,92,76,217,70,78,67,90,60,61,22,10,10,54,28,61,41,26,20,53,90,10,94,49,64,50,10,10,10,10,10,10,20,10,10,10,15,True,,2.0,,,,,,,,15,10,20,10,10,10,10,20,10,https://cdn.muthead.com/media/20/assets/totw-00056090.png,2,Ryan,99956090,9470,2019-11-01T15:51:33.067772Z,50,ATL,True,4,23-12-2019
Leonard Fournette,HB,Gauntlet I,89,72,228,88,86,80,87,92,80,65,52,50,75,82,85,84,90,38,67,85,20,78,82,10,83,36,44,51,40,33,48,38,47,27,44,33,False,False,1.0,False,3.0,False,True,False,False,False,30,25,31,10,40,15,10,29,25,https://cdn.muthead.com/media/20/assets/gaun-00051201.png,27,Fournette,51201,0,2019-09-20T14:36:44.445872Z,46,JAX,False,30,23-12-2019
Larry Fitzgerald,WR,NFL 100,95,75,218,90,93,92,97,83,78,94,95,95,70,82,85,80,71,71,96,97,23,97,94,12,73,87,90,93,51,42,57,46,90,41,43,38,True,True,1.0,True,5.0,False,True,True,True,True,30,10,20,10,10,20,10,32,10,https://cdn.muthead.com/media/20/assets/nfl1-00051954.png,11,Fitzgerald,51954,25200,2019-12-21T02:18:23.775894Z,999,ARI,True,5,23-12-2019
Vernon Davis,TE,Veterans,89,75,244,84,86,82,92,74,75,88,84,84,56,81,83,78,81,75,87,82,37,84,76,10,56,79,80,83,60,65,66,57,87,65,71,70,False,True,,False,5.0,False,True,False,True,True,56,10,40,10,15,10,15,50,10,https://cdn.muthead.com/media/20/assets/vets-00050737.png,85,Davis,50737,3570,2019-11-29T15:36:39.329748Z,39,WAS,False,3,23-12-2019
Darren Waller,TE,Series Redux,92,78,255,89,89,84,92,81,67,90,91,94,64,83,80,78,80,74,88,85,23,80,84,10,64,70,74,80,59,68,75,74,94,79,83,83,False,False,1.0,True,5.0,True,True,True,False,False,25,10,22,10,10,10,10,27,10,https://cdn.muthead.com/media/20/assets/bltz-00051804.png,83,Waller,99951804,9470,2019-12-13T16:37:36.619060Z,56,OAK,False,3,23-12-2019
Evan Engram,TE,Signature Series,91,75,240,88,89,87,90,79,64,86,80,90,78,66,74,73,76,75,86,84,57,76,86,10,76,81,82,84,56,64,68,67,81,66,71,73,False,True,1.0,True,5.0,True,True,True,False,True,22,18,32,14,18,16,12,27,10,https://cdn.muthead.com/media/20/assets/sigs-00051019.png,88,Engram,51019,250000,2019-10-17T14:36:42.983691Z,45,NYG,True,3,23-12-2019
Shannon Sharpe,TE,Legends,91,74,228,84,83,82,85,80,81,87,90,84,72,67,73,85,81,71,83,91,20,96,79,25,74,76,85,85,65,67,72,74,84,76,70,74,True,True,1.0,True,5.0,False,True,True,False,True,44,10,45,10,12,21,10,35,10,https://cdn.muthead.com/media/20/assets/lgnd-00052143.png,84,Sharpe,52143,6840,2019-09-21T14:36:43.519958Z,42,DEN,True,44,23-12-2019
Golden Tate III,WR,Veterans,89,70,197,87,88,93,88,75,59,84,83,83,91,83,90,70,61,44,88,92,87,89,89,14,84,80,83,86,24,25,52,31,80,15,19,15,False,True,1.0,False,5.0,False,True,True,True,True,25,10,10,10,10,15,10,39,10,https://cdn.muthead.com/media/20/assets/vets-00050739.png,15,Tate III,50739,3570,2019-12-06T15:36:39.698596Z,37,NYG,True,36,23-12-2019
Todd Gurley II,HB,Ghosts of Madden - Present,94,73,227,90,90,93,90,92,73,64,58,61,91,83,92,88,81,39,87,94,71,89,94,13,93,43,51,57,41,30,39,31,51,28,60,33,True,True,2.0,False,5.0,False,True,False,False,False,32,10,31,10,35,10,10,34,10,https://cdn.muthead.com/media/20/assets/zero-00052607.png,30,Gurley II,52607,7430,2019-12-20T15:36:43.684610Z,55,LAR,True,26,23-12-2019
Bruce Matthews,LG,Legends,90,77,305,65,76,67,89,38,87,33,33,28,19,10,14,20,33,88,68,90,10,97,10,12,24,15,15,15,88,89,88,86,15,88,88,86,,True,1.0,,,,,,,,38,10,33,12,37,26,10,45,10,https://cdn.muthead.com/media/20/assets/lgnd-00052065.png,74,Matthews,52065,4940,2019-08-10T14:36:28.120164Z,23,TEN,True,46,23-12-2019
Dan Dierdorf,RT,Series Redux,91,75,275,67,77,64,87,65,86,60,50,55,12,10,10,35,44,88,67,89,10,99,30,12,12,42,42,42,87,86,89,88,45,90,91,90,,True,1.0,,,,,,,,45,10,55,15,75,25,10,47,10,https://cdn.muthead.com/media/20/assets/lgnd-00052049.png,72,Dierdorf,99952049,6840,2019-09-20T14:36:44.440826Z,25,ARI,True,7,23-12-2019
Nick Chubb,HB,Team of the Week,90,71,227,87,88,80,86,91,82,65,56,58,75,73,84,84,89,30,88,83,30,83,87,18,88,34,41,47,32,25,32,29,43,20,45,34,False,True,1.0,False,3.0,False,True,False,False,False,19,10,19,10,25,10,10,25,10,https://cdn.muthead.com/media/20/assets/totw-00056061.png,24,Chubb,56061,4940,2019-10-01T18:36:02.125018Z,45,CLE,True,30,23-12-2019
Mike Evans,WR,MUT Heroes,90,77,231,85,87,82,90,71,75,84,92,91,65,70,78,74,71,53,91,88,44,88,85,12,71,82,84,79,33,29,49,32,91,17,39,19,False,False,1.0,True,5.0,False,True,True,True,False,25,10,29,30,10,10,10,15,10,https://cdn.muthead.com/media/20/assets/hero-00051350.png,13,Evans,51350,4940,2019-10-04T14:36:38.358056Z,45,TB,True,5,23-12-2019
D.K. Metcalf,WR,Blitz,89,75,228,93,91,79,78,78,75,84,88,90,77,70,80,80,68,49,92,86,40,96,81,19,81,79,77,80,28,31,54,35,88,21,43,24,False,True,1.0,True,5.0,False,True,True,False,True,28,10,23,10,20,10,10,24,10,https://cdn.muthead.com/media/20/assets/bltz-00051816.png,14,Metcalf,51816,3570,2019-11-29T01:19:02.429005Z,50,SEA,False,5,23-12-2019
David Johnson,HB,MUT Heroes,90,73,224,88,88,86,88,86,75,68,72,70,84,81,92,86,85,34,91,91,79,90,88,16,86,62,69,76,36,28,34,26,69,18,52,24,False,True,2.0,False,4.0,False,True,True,False,False,10,10,15,10,10,10,10,25,10,https://cdn.muthead.com/media/20/assets/hero-00051302.png,31,Johnson,51302,4940,2019-10-04T14:36:38.367965Z,45,ARI,True,26,23-12-2019
Christian Kirk,WR,Team of the Week,92,71,200,91,92,90,86,74,65,90,87,87,87,81,91,78,48,42,86,95,90,91,86,13,74,89,88,90,21,30,46,34,78,25,33,29,False,True,1.0,False,5.0,False,True,True,True,True,13,10,20,10,14,10,10,23,10,https://cdn.muthead.com/media/20/assets/totw-00056150.png,13,Kirk,56150,250000,2019-11-12T20:11:33.359163Z,50,ARI,False,36,23-12-2019
Christian Kirk,WR,Series Redux,92,71,200,91,92,90,86,74,65,90,87,87,87,81,91,78,48,42,86,95,90,91,86,13,74,89,88,90,21,30,46,34,78,25,33,29,False,True,1.0,False,5.0,False,True,True,True,True,13,10,20,10,14,10,10,23,10,https://cdn.muthead.com/media/20/assets/totw-00056150.png,13,Kirk,99956150,9470,2019-12-13T16:37:36.612665Z,50,ARI,False,36,23-12-2019
John Elway,QB,Legends,90,75,215,73,73,70,88,62,60,45,35,25,63,56,64,49,43,27,62,89,10,98,71,79,48,15,15,15,27,29,27,27,15,27,30,29,True,,1.0,,,,,,,,28,10,35,10,12,15,10,29,10,https://cdn.muthead.com/media/20/assets/lgnd-00052001.png,7,Elway,52001,4940,2019-07-26T21:56:28.345131Z,44,DEN,True,45,23-12-2019
Julian Edelman,WR,Team of the Week,91,70,200,84,89,89,92,72,66,87,84,84,85,75,87,71,59,35,82,93,86,85,90,53,81,80,88,94,15,32,53,35,83,15,25,15,True,True,,False,5.0,False,True,True,True,True,35,10,31,33,10,16,30,48,10,https://cdn.muthead.com/media/20/assets/totw-00056121.png,11,Edelman,56121,6840,2019-10-29T18:11:39.932522Z,38,NE,True,8,23-12-2019
Randall Cunningham,QB,Legends,91,76,212,84,81,90,88,68,61,70,40,45,85,84,85,63,41,45,87,87,14,85,86,92,83,32,32,32,45,35,28,35,25,32,32,32,True,,1.0,,,,,,,,41,10,40,11,12,19,10,52,10,https://cdn.muthead.com/media/20/assets/lgnd-00052261.png,12,Cunningham,52261,6840,2019-11-23T15:36:39.003997Z,64,PHI,True,40,23-12-2019
Randall Cunningham,QB,Legends,93,76,212,88,85,94,88,70,66,70,40,45,87,86,87,65,43,45,91,92,14,85,88,93,85,32,32,32,45,35,28,35,25,32,32,32,True,,1.0,,,,,,,,41,10,40,11,12,19,10,52,10,https://cdn.muthead.com/media/20/assets/lgnd-00052260.png,12,Cunningham,52260,13100,2019-11-23T15:36:39.004217Z,82,PHI,True,40,23-12-2019
JuJu Smith-Schuster,WR,Signature Series,93,73,215,90,91,87,95,78,75,93,93,93,71,68,76,85,72,64,92,93,75,95,84,12,78,84,85,85,44,33,49,35,89,28,44,32,True,True,1.0,True,5.0,False,True,True,False,True,18,10,24,10,19,10,10,30,10,https://cdn.muthead.com/media/20/assets/sigs-00051035.png,19,Smith-Schuster,51035,250000,2019-12-12T15:36:42.304479Z,57,PIT,True,5,23-12-2019
Alvin Kamara,HB,MUT Heroes,92,70,215,87,92,91,85,90,71,82,80,78,86,82,90,87,85,34,90,86,84,78,86,14,89,69,77,84,36,23,36,24,79,18,59,22,True,True,1.0,False,3.0,False,True,False,False,False,19,38,19,10,23,10,10,24,21,https://cdn.muthead.com/media/20/assets/hero-00051375.png,41,Kamara,51375,250000,2019-10-10T14:36:47.331563Z,48,NO,True,33,23-12-2019
Walter Payton,HB,Zero Chill,95,70,200,93,93,94,91,91,83,75,73,72,91,89,92,93,92,59,92,96,81,99,89,81,95,74,67,73,51,52,60,54,75,60,66,59,True,True,1.0,False,3.0,False,True,False,False,False,31,21,31,12,15,11,15,10,30,https://cdn.muthead.com/media/20/assets/zero-00052519.png,34,Payton,52519,10280,2019-12-23T15:36:43.668592Z,74,CHI,True,26,23-12-2019
Dallas Clark,TE,Legends,90,75,252,79,81,76,92,76,64,91,91,88,73,59,72,78,68,61,76,86,13,75,84,20,76,81,89,89,55,56,54,60,82,61,54,58,True,True,1.0,False,5.0,False,True,True,True,True,36,10,36,12,20,18,20,42,10,https://cdn.muthead.com/media/20/assets/lgnd-00052235.png,44,Clark,52235,4940,2019-11-09T18:07:43.387499Z,38,IND,True,3,23-12-2019
David Carr,QB,Theme Diamonds,89,75,212,74,75,71,88,64,63,23,15,15,52,56,65,51,51,12,70,87,10,92,64,61,40,15,15,15,12,12,12,12,15,15,15,15,False,,1.0,,,,,,,,18,10,27,12,18,17,10,37,10,https://cdn.muthead.com/media/20/assets/diam-00050130.png,8,Carr,50130,3570,2019-08-16T14:36:31.606404Z,42,HOU,True,45,23-12-2019
Andrew Whitworth,LT,Harvest,89,79,333,57,68,54,88,30,87,14,10,10,10,10,10,10,30,87,60,85,10,88,10,10,10,10,10,10,85,85,84,82,10,89,88,86,,True,,,,,,,,,27,10,27,10,10,10,10,30,10,https://cdn.muthead.com/media/20/assets/harv-00051719.png,77,Whitworth,51719,3570,2019-11-21T15:36:45.371919Z,22,LAR,True,7,23-12-2019
Patrick Mahomes,QB,MUT20 Launch Promo,90,75,230,75,80,81,87,51,62,27,22,20,72,61,64,45,40,10,67,89,10,84,71,81,68,10,10,17,10,10,10,10,12,10,10,10,False,,1.0,,,,,,,,14,10,16,10,10,12,10,27,10,https://cdn.muthead.com/media/20/assets/buil-00050301.png,15,Mahomes,50301,4940,2019-08-02T03:46:58.641704Z,106,KC,True,16,23-12-2019
Bruce Matthews,LG,NFL 100,94,77,305,70,80,71,93,38,91,33,33,28,19,10,14,20,33,92,72,94,10,97,10,12,24,15,15,15,92,93,92,91,15,92,92,91,,True,1.0,,,,,,,,38,10,33,12,37,26,10,45,10,https://cdn.muthead.com/media/20/assets/nfl1-00051945.png,74,Matthews,51945,18200,2019-12-14T16:59:08.373121Z,31,TEN,True,46,23-12-2019
D.K. Metcalf,WR,Series Redux,89,75,228,93,91,79,78,78,75,84,88,90,77,70,80,80,68,49,92,86,40,96,81,19,81,79,77,80,28,31,54,35,88,21,43,24,False,True,1.0,True,5.0,False,True,True,False,True,28,10,23,10,20,10,10,24,10,https://cdn.muthead.com/media/20/assets/bltz-00051816.png,14,Metcalf,99951816,3570,2019-12-13T16:37:36.616318Z,50,SEA,False,5,23-12-2019
Joe Thomas,LT,Series Redux,93,78,312,70,77,72,90,50,88,40,30,25,25,10,10,10,10,90,74,92,10,98,10,12,15,7,15,25,90,91,90,88,35,93,93,90,,True,2.0,,,,,,,,37,30,45,12,35,30,10,55,40,https://cdn.muthead.com/media/20/assets/lgnd-00052207.png,73,Thomas,99952207,13100,2019-11-01T15:51:33.068900Z,29,CLE,True,7,23-12-2019
Cam Newton,QB,Most Feared,92,77,245,82,85,83,91,70,78,59,23,39,83,75,80,83,82,42,82,92,10,99,95,96,82,10,10,12,15,12,24,15,15,12,22,15,False,,1.0,,,,,,,,31,10,34,10,10,15,10,45,10,https://cdn.muthead.com/media/20/assets/fear-00051605.png,1,Newton,51605,9470,2019-10-18T14:36:43.849652Z,62,CAR,True,40,23-12-2019
Ryan Ramczyk,RT,Ultimate Kickoff,93,78,314,62,66,72,95,33,89,29,20,15,11,10,16,18,16,91,75,91,10,94,10,10,10,10,10,15,91,92,92,91,22,90,91,91,,True,1.0,,,,,,,,27,20,28,10,30,18,10,32,30,https://cdn.muthead.com/media/20/assets/ultk-00051131.png,71,Ramczyk,51131,13100,2019-09-12T14:36:32.029441Z,27,NO,True,15,23-12-2019
Dan Dierdorf,RT,Legends,91,75,275,67,77,64,87,65,86,60,50,55,12,10,10,35,44,88,67,89,10,99,30,12,12,42,42,42,87,86,89,88,45,90,91,90,,True,1.0,,,,,,,,45,10,55,15,75,25,10,47,10,https://cdn.muthead.com/media/20/assets/lgnd-00052049.png,72,Dierdorf,52049,250000,2019-08-02T03:46:53.595802Z,25,ARI,True,7,23-12-2019
Stefon Diggs,WR,Team of the Week,91,72,191,88,90,90,90,71,59,91,86,90,85,82,92,59,37,43,86,87,82,66,86,17,80,84,87,88,23,27,45,30,83,16,33,14,True,True,1.0,True,5.0,False,False,True,False,True,25,10,17,10,10,10,10,25,10,https://cdn.muthead.com/media/20/assets/totw-00056091.png,14,Diggs,56091,6840,2019-10-15T18:09:32.953745Z,45,MIN,True,8,23-12-2019
Chris Godwin,WR,Series Redux,91,73,205,89,90,85,87,66,70,92,88,89,78,72,80,62,78,40,86,91,46,87,82,12,77,87,89,87,20,17,51,20,87,17,54,17,False,True,1.0,True,5.0,False,True,True,True,True,18,10,17,10,23,10,10,22,10,https://cdn.muthead.com/media/20/assets/totw-00056060.png,12,Godwin,99956060,6840,2019-11-01T15:51:33.068232Z,47,TB,False,10,23-12-2019
Dalvin Cook,HB,Series Redux,92,70,210,90,91,93,84,88,73,66,61,58,88,86,90,81,75,29,74,89,64,81,87,12,90,53,59,66,31,28,35,26,51,24,63,29,False,True,1.0,False,5.0,False,True,False,False,False,15,10,18,10,19,10,10,28,10,https://cdn.muthead.com/media/20/assets/bltz-00051807.png,33,Cook,99951807,9470,2019-12-13T16:37:36.618366Z,50,MIN,True,26,23-12-2019
O.J. Howard,TE,Series Redux,93,78,250,86,89,84,94,75,74,91,87,87,71,66,77,82,80,85,73,88,34,96,87,10,77,78,81,86,70,68,73,73,78,71,76,75,True,True,2.0,True,5.0,False,True,True,False,True,24,10,26,10,20,10,10,31,10,https://cdn.muthead.com/media/20/assets/sigs-00051029.png,80,Howard,99951029,13100,2019-12-13T16:37:36.621100Z,48,TB,True,44,23-12-2019
Larry Little,RG,Legends,89,73,265,66,74,66,86,32,82,40,10,12,23,10,10,10,10,84,53,83,10,70,10,23,23,10,0,10,89,89,89,85,12,89,86,85,,True,1.0,,,,,,,,22,10,49,14,45,25,10,46,10,https://cdn.muthead.com/media/20/assets/lgnd-00052183.png,66,Little,52183,3570,2019-10-12T14:36:43.569954Z,23,MIA,True,46,23-12-2019
Chris Johnson,HB,Series Redux,94,71,203,94,94,93,86,89,68,72,70,69,93,85,92,64,46,32,84,92,63,71,89,18,88,55,61,74,34,27,32,27,68,36,50,33,False,False,1.0,False,5.0,False,False,False,False,False,11,10,22,15,20,20,20,40,10,https://cdn.muthead.com/media/20/assets/bltz-00051801.png,28,Johnson,99951801,18200,2019-12-13T16:37:36.619743Z,60,TEN,True,26,23-12-2019
Kevin Mawae,C,Legends,90,76,289,68,78,66,88,40,88,22,15,15,17,10,10,10,10,85,50,89,10,97,10,17,17,15,0,15,90,88,90,89,15,87,87,86,,True,1.0,,,,,,,,22,10,22,14,20,24,10,29,10,https://cdn.muthead.com/media/20/assets/lgnd-00052104.png,68,Mawae,52104,4940,2019-08-31T14:36:29.091863Z,24,NYJ,True,18,23-12-2019
Alvin Kamara,HB,Series Redux,92,70,215,87,92,91,85,90,71,82,80,78,86,82,90,87,85,34,90,86,84,78,86,14,89,69,77,84,36,23,36,24,79,18,59,22,True,True,1.0,False,3.0,False,True,False,False,False,19,38,19,10,23,10,10,24,21,https://cdn.muthead.com/media/20/assets/hero-00051375.png,41,Kamara,99951375,9470,2019-11-01T15:51:33.070662Z,48,NO,True,33,23-12-2019
Dalvin Cook,HB,Team of the Week,89,70,210,88,89,91,81,84,71,63,58,55,84,83,87,78,72,27,72,87,61,81,83,12,87,50,56,63,29,26,33,24,48,22,61,27,False,True,1.0,False,5.0,False,True,False,False,False,15,10,18,10,19,10,10,28,10,https://cdn.muthead.com/media/20/assets/totw-00056001.png,33,Cook,56001,3570,2019-08-30T14:36:26.874157Z,40,MIN,True,26,23-12-2019
Andre Reed,WR,Legends,89,74,190,87,86,87,86,75,66,85,87,87,82,79,83,72,58,50,87,86,71,64,86,20,86,80,82,89,44,40,49,40,84,26,46,22,True,True,1.0,False,3.0,False,True,True,True,True,10,10,26,30,12,20,12,10,10,https://cdn.muthead.com/media/20/assets/lgnd-00052249.png,83,Reed,52249,3570,2019-11-16T16:45:07.302601Z,40,BUF,True,36,23-12-2019
Kenny Golladay,WR,Team of the Week,92,76,213,89,89,87,92,76,72,92,92,93,73,76,80,87,70,48,88,88,72,85,84,12,79,86,87,89,28,19,49,24,87,24,38,24,False,True,1.0,True,5.0,False,True,False,True,True,23,10,20,10,36,15,15,28,10,https://cdn.muthead.com/media/20/assets/totw-00056196.png,19,Golladay,56196,9470,2019-12-03T19:14:00.793986Z,55,DET,False,5,23-12-2019
Mitchell Schwartz,RT,MUT Heroes,91,77,320,56,72,60,90,30,85,17,10,10,10,10,10,10,11,81,70,85,10,91,10,10,10,10,10,10,78,81,79,74,10,89,91,92,,True,1.0,,,,,,,,15,10,25,10,10,18,10,20,10,https://cdn.muthead.com/media/20/assets/hero-00051389.png,71,Schwartz,51389,6840,2019-10-04T14:36:38.355489Z,23,KC,True,7,23-12-2019
Jerry Rice,WR,Legends,90,74,200,87,88,87,88,76,56,89,86,85,84,80,83,67,50,45,86,91,69,99,87,27,82,83,87,89,39,42,49,37,84,37,39,35,True,True,1.0,True,6.0,False,False,True,True,True,29,10,38,25,15,32,15,35,10,https://cdn.muthead.com/media/20/assets/lgnd-00052053.png,80,Rice,52053,4940,2019-08-03T18:02:26.241177Z,40,SF,True,8,23-12-2019
David DeCastro,RG,MUT Heroes,91,77,316,55,75,67,87,29,90,15,10,14,10,10,10,10,10,86,76,86,10,94,10,10,10,10,10,10,88,89,90,90,15,89,90,90,,True,1.0,,,,,,,,16,10,29,10,15,10,10,20,10,https://cdn.muthead.com/media/20/assets/hero-00051309.png,66,DeCastro,51309,6840,2019-10-04T14:36:38.366473Z,26,PIT,True,11,23-12-2019
George Kittle,TE,Series Redux,92,76,247,85,86,81,95,77,77,91,83,86,68,60,75,74,77,79,88,86,16,95,83,10,71,77,82,84,67,77,84,82,82,57,63,61,True,True,,False,5.0,False,True,False,True,True,21,10,24,10,28,25,10,26,10,https://cdn.muthead.com/media/20/assets/hero-00051388.png,85,Kittle,99951388,9470,2019-11-01T15:51:33.070443Z,44,SF,True,3,23-12-2019
Dion Lewis,HB,Veterans,89,68,195,89,90,93,79,84,60,69,62,63,86,85,91,72,59,26,78,88,82,77,77,15,80,45,53,60,28,16,31,16,67,40,55,44,True,True,1.0,False,5.0,False,False,False,False,False,10,10,19,10,10,18,10,34,10,https://cdn.muthead.com/media/20/assets/vets-00050741.png,33,Lewis,50741,3570,2019-12-13T15:36:46.975237Z,41,TEN,False,26,23-12-2019
Laremy Tunsil,LT,Heavyweights,91,77,316,64,77,76,92,21,90,16,12,10,12,10,10,16,22,86,76,88,10,92,10,10,10,10,10,10,87,82,81,79,12,87,88,89,,True,,,,,,,,,17,10,25,10,16,10,10,19,10,https://cdn.muthead.com/media/20/assets/hvyw-00050839.png,78,Tunsil,50839,6840,2019-12-04T15:36:40.753870Z,22,HOU,True,7,23-12-2019
Maurkice Pouncey,C,Heavyweights,89,76,304,60,77,66,91,22,88,24,10,10,11,10,10,10,25,92,65,85,10,89,10,10,10,10,10,10,88,84,84,85,10,83,83,86,,True,1.0,,,,,,,,14,10,25,10,10,10,10,19,10,https://cdn.muthead.com/media/20/assets/hvyw-00050823.png,53,Pouncey,50823,3570,2019-10-09T14:36:39.999190Z,22,PIT,True,18,23-12-2019
O.J. Howard,TE,Ultimate Kickoff,90,78,250,85,88,83,92,72,73,89,85,85,68,64,75,80,77,82,72,86,30,96,84,10,74,74,78,82,67,65,70,70,75,68,73,72,True,True,2.0,True,5.0,False,True,True,False,True,24,10,26,10,20,10,10,31,10,https://cdn.muthead.com/media/20/assets/ultk-00051110.png,80,Howard,51110,4940,2019-09-12T14:36:36.628536Z,44,TB,True,44,23-12-2019
Marcedes Lewis,TE,Flashbacks,90,78,267,74,80,75,83,80,81,84,79,80,51,69,80,65,66,87,88,85,29,86,75,10,55,68,70,76,72,76,87,83,76,69,68,69,False,True,,False,5.0,False,True,True,False,True,35,10,25,10,15,10,15,49,10,https://cdn.muthead.com/media/20/assets/flsh-00050931.png,89,Lewis,50931,4940,2019-11-04T16:13:52.332107Z,29,JAX,False,14,23-12-2019
Emmanuel Sanders,WR,Gauntlet II,92,71,180,88,91,92,92,66,42,90,87,88,85,83,86,32,27,35,91,94,81,78,87,12,81,88,88,90,15,28,52,31,81,15,21,15,True,True,1.0,False,5.0,False,False,True,True,True,25,10,15,10,10,10,10,25,10,https://cdn.muthead.com/media/20/assets/gaun-00051207.png,17,Sanders,51207,0,2019-12-13T15:36:46.974549Z,45,SF,True,8,23-12-2019
DeVante Parker,WR,Signature Series,93,75,212,90,90,87,92,80,70,92,93,94,71,81,86,73,72,43,89,87,45,84,86,12,81,87,89,89,23,31,55,37,92,21,40,21,False,False,1.0,True,5.0,False,True,True,True,True,25,10,26,10,10,10,10,30,10,https://cdn.muthead.com/media/20/assets/sigs-00051031.png,11,Parker,51031,250000,2019-11-28T15:36:39.990648Z,60,MIA,True,5,23-12-2019
Alshon Jeffery,WR,Flashbacks,90,75,218,86,83,85,88,76,76,86,91,93,59,78,72,79,60,52,89,87,14,97,84,12,69,82,85,85,32,29,53,32,88,20,40,25,False,False,,True,5.0,False,True,True,False,True,44,10,25,10,10,20,10,20,10,https://cdn.muthead.com/media/20/assets/flsh-00050929.png,17,Jeffery,50929,4940,2019-10-28T14:36:42.752178Z,47,CHI,True,5,23-12-2019
Christian McCaffrey,HB,Zero Chill,94,71,202,91,92,96,90,88,71,84,78,79,91,91,93,75,54,40,88,95,87,82,86,14,84,68,77,85,42,17,33,17,76,27,56,31,True,True,1.0,False,5.0,False,True,True,False,False,22,10,26,10,17,18,10,34,10,https://cdn.muthead.com/media/20/assets/zero-00052502.png,22,McCaffrey,52502,7430,2019-12-16T15:36:42.929856Z,57,CAR,True,33,23-12-2019
Marcus Allen,HB,Legends,89,74,210,87,86,87,85,87,72,72,68,67,83,87,84,83,83,52,81,88,67,97,88,44,83,67,68,70,55,51,57,51,70,57,60,59,True,True,1.0,False,4.0,False,True,False,False,False,32,10,45,15,12,21,10,44,10,https://cdn.muthead.com/media/20/assets/lgnd-00052007.png,32,Allen,52007,3570,2019-07-26T21:56:28.141613Z,41,OAK,True,26,23-12-2019
Ryan Ramczyk,RT,Heavyweights,91,78,314,61,65,71,92,33,88,29,20,15,11,10,16,18,16,89,74,90,10,94,10,10,10,10,10,15,89,89,89,88,22,88,90,90,,True,1.0,,,,,,,,27,20,28,10,30,18,10,32,30,https://cdn.muthead.com/media/20/assets/hvyw-00050841.png,71,Ramczyk,50841,6840,2019-12-11T15:36:40.913315Z,25,NO,True,15,23-12-2019
Alex Mack,C,Heavyweights,91,76,311,60,76,66,95,45,89,19,10,10,10,15,15,42,40,93,67,87,10,88,45,10,10,10,10,10,92,92,92,89,10,81,82,83,,True,1.0,,,,,,,,16,10,16,10,10,11,10,22,10,https://cdn.muthead.com/media/20/assets/hvyw-00050837.png,51,Mack,50837,6840,2019-11-27T15:36:40.352183Z,24,ATL,True,18,23-12-2019
Lane Johnson,RT,Series Redux,92,78,317,79,86,76,94,57,87,52,55,54,30,40,44,45,55,91,82,89,10,89,50,24,20,15,23,33,91,88,89,88,35,88,89,90,,True,1.0,,,,,,,,46,54,50,10,50,19,10,45,43,https://cdn.muthead.com/media/20/assets/bltz-00051809.png,65,Johnson,99951809,9470,2019-12-13T16:37:36.617898Z,25,PHI,True,15,23-12-2019
David Bakhtiari,LT,MUT Heroes,91,76,310,64,76,65,90,12,87,30,10,10,10,10,10,10,15,83,62,81,10,69,10,10,10,10,10,10,83,79,77,74,10,91,89,88,,True,1.0,,,,,,,,10,10,30,10,15,10,10,18,10,https://cdn.muthead.com/media/20/assets/hero-00051308.png,69,Bakhtiari,51308,6840,2019-10-04T14:36:38.366680Z,22,GB,True,7,23-12-2019
Greg Olsen,TE,MUT Heroes,91,77,255,82,84,80,96,70,68,93,93,92,64,52,72,64,66,74,86,96,15,84,77,10,67,77,83,86,56,55,61,60,89,67,74,73,True,True,2.0,True,5.0,False,True,True,True,True,43,10,30,10,10,10,10,35,10,https://cdn.muthead.com/media/20/assets/hero-00051306.png,88,Olsen,51306,6840,2019-10-04T14:36:38.367093Z,48,CAR,True,3,23-12-2019
Lamar Jackson,QB,Team of the Week,90,74,216,90,91,91,81,65,57,16,10,10,88,82,90,60,42,19,87,87,10,93,95,94,84,10,10,10,11,10,10,10,10,10,10,10,False,,1.0,,,,,,,,10,10,25,10,17,10,10,28,10,https://cdn.muthead.com/media/20/assets/totw-00056016.png,8,Jackson,56016,4940,2019-09-10T19:20:07.360548Z,70,BAL,True,40,23-12-2019
Andre Reed,WR,Legends,93,74,190,91,90,91,88,79,71,90,92,91,86,83,87,76,62,54,91,91,75,64,90,20,90,84,86,92,48,44,53,44,88,30,50,26,True,True,1.0,False,3.0,False,True,True,True,True,10,10,26,30,12,20,12,10,10,https://cdn.muthead.com/media/20/assets/lgnd-00052247.png,83,Reed,52247,13100,2019-11-16T16:45:07.303058Z,57,BUF,True,36,23-12-2019
Carson Wentz,QB,Ultimate Kickoff,90,77,237,78,84,80,86,57,69,28,10,10,74,43,66,50,62,16,66,88,10,97,79,89,68,10,10,10,10,10,10,10,10,10,10,10,False,,1.0,,,,,,,,11,10,20,10,10,11,10,18,10,https://cdn.muthead.com/media/20/assets/ultk-00051117.png,11,Wentz,51117,4940,2019-09-12T14:36:35.114333Z,52,PHI,True,16,23-12-2019
Rob Gronkowski,TE,Series Redux,92,78,265,83,82,80,83,76,84,89,90,90,56,63,68,87,86,79,80,87,11,93,74,16,84,77,81,84,73,72,75,77,87,72,72,74,True,True,,True,5.0,False,True,True,False,True,43,10,20,12,25,22,25,26,10,https://cdn.muthead.com/media/20/assets/lgnd-00052181.png,87,Gronkowski,99952181,9470,2019-11-01T15:51:33.069339Z,45,NE,True,44,23-12-2019
Aaron Jones,HB,Team of the Week,90,69,208,88,91,90,88,93,69,63,61,57,78,80,85,90,86,38,87,84,53,73,87,10,82,49,57,63,40,16,21,16,51,28,62,32,False,False,1.0,False,4.0,False,True,False,False,False,13,10,10,10,14,10,10,25,10,https://cdn.muthead.com/media/20/assets/totw-00056076.png,33,Jones,56076,4940,2019-10-08T18:01:28.188113Z,48,GB,True,26,23-12-2019
Adrian Peterson,HB,Zero Chill,91,73,220,90,90,89,92,86,79,60,53,42,84,79,90,90,88,26,89,89,42,98,87,12,89,46,54,61,28,19,40,19,57,22,44,28,False,True,1.0,False,4.0,False,True,False,False,False,25,10,32,10,10,18,10,30,10,https://cdn.muthead.com/media/20/assets/zero-00052801.png,26,Peterson,52801,1710,2019-12-16T15:36:42.926983Z,180,WAS,False,30,23-12-2019
Travis Frederick,C,Most Feared,92,76,318,51,75,62,94,29,89,35,10,10,10,10,10,10,15,91,70,91,10,98,10,10,10,10,10,10,89,93,92,90,10,83,87,89,,True,2.0,,,,,,,,10,10,23,10,10,10,10,10,10,https://cdn.muthead.com/media/20/assets/fear-00051640.png,72,Frederick,51640,9470,2019-10-25T14:36:45.596009Z,27,DAL,True,18,23-12-2019
T.J. Hockenson,TE,Rookie Premiere,91,77,251,81,86,83,87,81,75,91,90,90,67,65,71,79,71,74,88,86,19,91,82,10,72,76,81,85,62,72,73,70,82,61,68,64,False,True,1.0,True,5.0,False,True,True,True,True,37,36,36,17,41,24,16,46,27,https://cdn.muthead.com/media/20/assets/prmr-00000094.png,88,Hockenson,94,0,2019-07-22T21:59:39.347310Z,42,DET,False,3,23-12-2019
Josh Gordon,WR,Flashbacks,91,75,225,90,89,88,88,78,68,87,86,90,79,81,85,71,61,52,87,87,46,90,87,14,82,88,87,86,32,17,43,19,88,24,41,27,False,False,1.0,True,5.0,False,True,True,False,True,32,10,34,10,10,10,35,35,10,https://cdn.muthead.com/media/20/assets/flsh-00050941.png,12,Gordon,50941,6840,2019-12-09T15:36:42.576793Z,47,CLE,False,10,23-12-2019
Brian Waters,LG,Theme Diamonds,89,75,320,59,67,55,88,41,88,38,23,28,20,13,18,28,32,87,40,83,10,88,15,19,17,10,14,18,85,87,89,88,16,86,86,87,,True,1.0,,,,,,,,28,10,33,11,38,19,10,33,10,https://cdn.muthead.com/media/20/assets/diam-00050109.png,54,Waters,50109,3570,2019-08-16T14:36:36.083366Z,23,KC,True,11,23-12-2019
Matthew Stafford,QB,MUT Heroes,90,75,220,72,76,72,86,61,65,16,10,10,51,37,58,35,49,17,56,94,10,97,70,83,49,10,10,10,10,10,12,10,10,12,15,14,False,,1.0,,,,,,,,18,10,18,10,10,10,10,19,10,https://cdn.muthead.com/media/20/assets/hero-00051301.png,9,Stafford,51301,4940,2019-10-04T14:36:38.368182Z,48,DET,True,45,23-12-2019
Travis Kelce,TE,Signature Series,90,77,260,81,84,83,92,62,75,88,88,88,67,64,78,77,73,75,87,86,12,89,84,32,71,75,82,84,60,66,67,65,81,64,66,65,False,True,,True,5.0,False,True,True,False,True,30,10,35,10,10,10,10,32,10,https://cdn.muthead.com/media/20/assets/sigs-00051007.png,87,Kelce,51007,250000,2019-09-12T14:36:39.001299Z,39,KC,True,3,23-12-2019
Saquon Barkley,HB,MUT Heroes,91,71,233,89,90,93,80,92,78,74,66,72,86,89,90,82,80,31,90,94,77,92,77,21,93,57,63,70,28,25,30,29,64,27,45,32,False,True,1.0,False,4.0,False,True,False,False,False,14,15,18,10,10,11,10,26,10,https://cdn.muthead.com/media/20/assets/hero-00051363.png,26,Barkley,51363,6840,2019-10-04T14:36:38.357181Z,53,NYG,True,26,23-12-2019
Zach Ertz,TE,Harvest,92,77,250,81,85,80,95,77,71,94,91,90,61,70,74,70,66,78,79,91,31,84,84,15,67,76,89,92,64,63,63,59,87,65,70,69,True,True,1.0,True,5.0,False,True,True,False,True,34,10,26,10,10,10,10,26,10,https://cdn.muthead.com/media/20/assets/harv-00051705.png,86,Ertz,51705,2368,2019-11-21T15:36:45.373200Z,47,PHI,True,44,23-12-2019
T.J. Hockenson,TE,Harvest,91,77,251,81,86,83,87,81,75,91,90,90,67,65,71,79,71,74,88,86,19,91,82,10,72,76,81,85,62,72,73,70,82,61,68,64,False,True,1.0,True,5.0,False,True,True,True,True,37,36,36,17,41,24,16,46,27,https://cdn.muthead.com/media/20/assets/harv-00051754.png,88,Hockenson,51754,6840,2019-11-21T15:36:45.367845Z,42,DET,False,3,23-12-2019
Eric Ebron,TE,Flashbacks,89,76,253,83,85,81,93,77,69,87,87,89,75,75,82,77,73,76,81,83,14,86,85,14,77,73,78,80,61,59,62,60,77,66,71,70,False,False,,True,5.0,True,True,True,False,True,47,57,44,10,10,20,10,59,45,https://cdn.muthead.com/media/20/assets/flsh-00050919.png,85,Ebron,50919,3570,2019-09-23T14:36:42.023583Z,39,DET,False,3,23-12-2019
Devonta Freeman,HB,Flashbacks,91,68,206,90,89,92,87,83,74,71,68,74,86,86,93,73,83,30,85,91,74,81,86,15,84,49,57,64,32,30,50,30,67,20,43,26,False,True,2.0,False,5.0,False,True,True,False,False,16,10,15,10,10,10,10,25,10,https://cdn.muthead.com/media/20/assets/flsh-00050939.png,24,Freeman,50939,6840,2019-12-02T15:36:39.719684Z,48,ATL,True,26,23-12-2019
Sony Michel,HB,Signature Series,91,71,215,87,89,90,89,92,72,63,61,62,85,79,91,85,85,32,73,86,68,82,89,14,82,47,56,61,27,26,29,29,56,36,54,42,False,True,1.0,False,3.0,False,True,False,False,False,20,10,25,10,17,10,10,30,10,https://cdn.muthead.com/media/20/assets/sigs-00051013.png,26,Michel,51013,250000,2019-09-26T14:36:35.817098Z,48,NE,True,26,23-12-2019
Julio Jones,WR,Team of the Week,90,75,220,87,86,90,86,67,73,86,88,88,80,74,82,77,69,53,92,88,61,95,89,12,79,85,89,90,33,29,46,31,88,32,43,31,True,True,2.0,True,5.0,False,True,True,False,True,35,10,34,10,46,10,10,39,10,https://cdn.muthead.com/media/20/assets/totw-00056031.png,11,Jones,56031,4940,2019-09-17T18:44:23.899597Z,45,ATL,True,5,23-12-2019
JuJu Smith-Schuster,WR,Gauntlet I,89,73,215,87,88,84,91,72,72,89,89,89,68,65,73,82,69,61,89,90,72,95,81,12,75,80,80,80,41,30,46,32,84,25,41,29,True,True,1.0,True,5.0,False,True,True,False,True,18,10,24,10,19,10,10,30,10,https://cdn.muthead.com/media/20/assets/gaun-00051202.png,19,Smith-Schuster,51202,0,2019-09-20T14:36:44.445437Z,38,PIT,True,5,23-12-2019
DeAndre Hopkins,WR,Ultimate Kickoff,91,73,215,87,88,87,90,67,73,90,90,90,71,75,83,71,47,41,94,93,64,90,85,12,77,83,86,87,21,27,45,29,90,17,36,19,True,True,1.0,True,5.0,False,True,True,True,True,35,22,32,22,25,18,30,20,20,https://cdn.muthead.com/media/20/assets/ultk-00051102.png,10,Hopkins,51102,6840,2019-09-12T14:36:38.358703Z,47,HOU,True,5,23-12-2019
Ahman Green,HB,Legends,90,72,218,89,89,87,87,85,79,71,65,62,82,73,85,87,89,55,86,87,37,76,89,38,88,53,59,70,45,47,51,48,66,50,57,49,False,True,1.0,False,4.0,False,True,False,False,False,32,10,32,21,20,15,20,28,10,https://cdn.muthead.com/media/20/assets/lgnd-00052274.png,30,Green,52274,4940,2019-12-21T15:36:44.336841Z,43,GB,True,30,23-12-2019
Kyler Murray,QB,Blitz,90,70,205,90,91,89,79,66,50,40,10,11,86,79,85,47,25,10,60,90,10,84,90,91,64,10,10,10,10,10,10,10,10,10,10,10,False,,1.0,,,,,,,,10,10,12,10,10,10,10,19,10,https://cdn.muthead.com/media/20/assets/bltz-00051813.png,1,Murray,51813,4940,2019-11-29T01:19:02.429667Z,70,ARI,False,40,23-12-2019
Jimmy Garoppolo,QB,Team of the Week,92,74,225,75,82,76,89,62,64,25,10,15,47,56,63,39,42,10,79,94,10,90,66,81,52,10,10,10,10,10,10,10,10,10,10,10,False,,1.0,,,,,,,,10,10,10,10,10,12,10,27,10,https://cdn.muthead.com/media/20/assets/totw-00056211.png,10,Garoppolo,56211,9470,2019-12-10T19:20:54.992710Z,56,SF,False,4,23-12-2019
Austin Ekeler,HB,Football Outsiders,90,70,195,90,90,90,85,85,62,72,68,71,86,84,88,66,69,44,80,88,71,75,82,16,85,55,68,69,46,27,35,29,54,19,56,23,False,True,1.0,False,3.0,False,True,False,False,False,10,10,22,10,10,10,10,30,10,https://cdn.muthead.com/media/20/assets/foot-00051515.png,30,Ekeler,51515,4940,2019-11-03T16:29:19.872944Z,43,LAC,False,26,23-12-2019
Bryan Bulaga,RT,Heavyweights,89,77,314,59,74,65,94,29,85,10,10,10,20,10,10,10,10,88,66,87,10,86,10,10,10,10,10,10,87,71,76,76,10,85,87,87,,True,,,,,,,,,15,10,15,10,23,10,10,23,10,https://cdn.muthead.com/media/20/assets/hvyw-00050825.png,75,Bulaga,50825,3570,2019-10-16T14:36:44.063431Z,20,GB,True,7,23-12-2019
Adam Timmerman,RG,Theme Diamonds,89,76,300,60,70,59,88,43,87,22,20,25,23,10,10,10,10,86,46,87,10,93,10,23,23,15,15,15,85,86,87,87,15,84,86,89,,True,1.0,,,,,,,,28,10,28,14,20,17,10,30,10,https://cdn.muthead.com/media/20/assets/diam-00050124.png,62,Timmerman,50124,3570,2019-08-16T14:36:32.882725Z,23,LAR,True,11,23-12-2019
Tevin Coleman,HB,Team of the Week,92,73,210,92,90,91,87,89,66,67,68,68,86,86,94,79,81,36,82,88,78,84,87,13,80,53,61,67,38,31,41,32,54,37,55,41,False,False,1.0,False,5.0,False,False,True,False,False,19,10,25,10,23,15,10,19,10,https://cdn.muthead.com/media/20/assets/totw-00056120.png,26,Coleman,56120,250000,2019-10-29T18:11:39.932737Z,55,SF,False,26,23-12-2019
Randy Moss,WR,Madden Ultimate Team 10,92,76,210,91,90,89,86,71,51,90,87,91,79,76,81,65,42,37,92,87,83,87,85,42,74,92,86,85,33,37,36,34,86,30,31,29,True,False,1.0,True,6.0,False,False,True,True,True,40,10,30,13,15,29,15,40,10,https://cdn.muthead.com/media/20/assets/lgnd-00052155.png,84,Moss,52155,250000,2019-09-20T20:17:14.988939Z,55,MIN,True,10,23-12-2019
